suite,config,task_name,status,reward,language,difficulty,category,sdlc_phase,repo,mcp_benefit_score,context_complexity,cross_file_deps,n_input_tokens,n_output_tokens,n_cache_tokens,cache_read_tokens,total_cost_usd,agent_task_seconds,wall_clock_seconds,env_setup_seconds
ccb_codereview,baseline,cr-aspnetcore-001,passed,1.0,csharp,hard,code-review,Testing & QA,dotnet/aspnetcore,0.84,0.9,0.8,707732,236,707728,,,82.3,200.0,18.7
ccb_codereview,baseline,cr-calcom-001,passed,0.8,typescript,hard,code-review,Testing & QA,calcom/cal.com,0.83,0.85,0.8,646626,250,646620,,,74.8,174.2,24.2
ccb_codereview,baseline,cr-ghost-001,passed,1.0,javascript,hard,code-review,Testing & QA,agentic-review-benchmarks/benchmark-pr-mapping,0.82,0.85,0.8,1489153,342,1489147,,,114.3,183.5,0.6
ccb_codereview,sourcegraph_base,cr-aspnetcore-001,passed,1.0,csharp,hard,code-review,Testing & QA,dotnet/aspnetcore,0.84,0.9,0.8,767555,5070,,739955,0.8716984999999996,134.2,307.8,1.1
ccb_codereview,sourcegraph_base,cr-calcom-001,passed,1.0,typescript,hard,code-review,Testing & QA,calcom/cal.com,0.83,0.85,0.8,2348469,248,2348415,,,140.4,294.1,1.2
ccb_codereview,sourcegraph_base,cr-ghost-001,passed,0.94,javascript,hard,code-review,Testing & QA,agentic-review-benchmarks/benchmark-pr-mapping,0.82,0.85,0.8,2329621,342,2329567,,,121.4,256.4,1.4
ccb_codereview,sourcegraph_full,cr-aspnetcore-001,passed,1.0,csharp,hard,code-review,Testing & QA,dotnet/aspnetcore,0.84,0.9,0.8,1759796,444,1759753,,,113.3,222.2,0.8
ccb_codereview,sourcegraph_full,cr-calcom-001,passed,1.0,typescript,hard,code-review,Testing & QA,calcom/cal.com,0.83,0.85,0.8,2760479,474,2760422,,,139.7,235.2,1.1
ccb_codereview,sourcegraph_full,cr-ghost-001,passed,1.0,javascript,hard,code-review,Testing & QA,agentic-review-benchmarks/benchmark-pr-mapping,0.82,0.85,0.8,1920172,319,1920121,,,96.3,169.5,0.9
ccb_crossrepo,baseline,api_upgrade_01,failed,0.0,go,hard,api_upgrade,Implementation (refactoring),"etcd,kubernetes,containerd",0.88,0.95,0.85,6648344,32690,,6562897,4.756316300000001,727.1,794.5,3.8
ccb_crossrepo,baseline,bug_localization_01,passed,0.9333,go,hard,bug_localization,Implementation (bug fix),"numpy,pandas,scikit-learn",0.9,0.95,0.9,654136,10179,,610941,1.2026643,255.8,316.4,1.4
ccb_crossrepo,baseline,cross_file_reasoning_01,failed,0.0,go,hard,cross_file_reasoning,Architecture & Design,"kubernetes,containerd",0.92,0.95,0.95,567202,10934,,525925,1.1572213,253.7,312.8,1.7
ccb_crossrepo,baseline,refactor_rename_01,passed,0.92,go,hard,refactor_rename,Implementation (refactoring),"django,flask,requests",0.87,0.95,0.85,8451897,35035,,8354688,6.303664600000005,1261.6,1420.0,2.1
ccb_crossrepo,baseline,simple_test_01,passed,1.0,go,easy,smoke_test,Testing & QA,kubernetes,0.55,0.5,0.3,38177,27,38174,,,11.5,79.0,4.9
ccb_crossrepo,sourcegraph_base,api_upgrade_01,failed,0.0,go,hard,api_upgrade,Implementation (refactoring),"etcd,kubernetes,containerd",0.88,0.95,0.85,12529848,833,12529677,,,610.9,861.6,189.4
ccb_crossrepo,sourcegraph_base,bug_localization_01,passed,0.9333,go,hard,bug_localization,Implementation (bug fix),"numpy,pandas,scikit-learn",0.9,0.95,0.9,5634681,998,5634581,,,342.8,590.9,188.0
ccb_crossrepo,sourcegraph_base,cross_file_reasoning_01,failed,0.0,go,hard,cross_file_reasoning,Architecture & Design,"kubernetes,containerd",0.92,0.95,0.95,3701017,1035,3700908,,,229.9,481.0,185.9
ccb_crossrepo,sourcegraph_base,refactor_rename_01,passed,1.0,go,hard,refactor_rename,Implementation (refactoring),"django,flask,requests",0.87,0.95,0.85,5629998,16114,,5567036,4.520647750000002,512.2,824.9,183.8
ccb_crossrepo,sourcegraph_base,simple_test_01,passed,1.0,go,easy,smoke_test,Testing & QA,kubernetes,0.55,0.5,0.3,56393,27,56390,,,16.7,260.3,181.6
ccb_crossrepo,sourcegraph_full,api_upgrade_01,failed,0.0,go,hard,api_upgrade,Implementation (refactoring),"etcd,kubernetes,containerd",0.88,0.95,0.85,8737849,1480,8737708,,,544.8,576.8,0.3
ccb_crossrepo,sourcegraph_full,bug_localization_01,passed,0.9333,go,hard,bug_localization,Implementation (bug fix),"numpy,pandas,scikit-learn",0.9,0.95,0.9,8033224,801,8033108,,,402.7,524.5,0.3
ccb_crossrepo,sourcegraph_full,cross_file_reasoning_01,failed,0.0,go,hard,cross_file_reasoning,Architecture & Design,"kubernetes,containerd",0.92,0.95,0.95,655157,8450,,613565,0.9879916999999998,188.8,522.5,1.0
ccb_crossrepo,sourcegraph_full,refactor_rename_01,failed,0.0,go,hard,refactor_rename,Implementation (refactoring),"django,flask,requests",0.87,0.95,0.85,10066905,34580,,9950672,11.344613400000009,1301.7,1428.0,0.7
ccb_crossrepo,sourcegraph_full,simple_test_01,passed,1.0,go,easy,smoke_test,Testing & QA,kubernetes,0.55,0.5,0.3,59722,27,59719,,,7.8,48.7,0.8
ccb_dependeval,baseline,dependency_recognition-java-488d70a0,passed,1.0,java,medium,dependency_recognition,Architecture & Design,ProviGen,0.72,0.65,0.85,217668,37,217655,,,26.3,55.4,1.0
ccb_dependeval,baseline,dependency_recognition-java-a06aa17b,passed,1.0,java,medium,dependency_recognition,Architecture & Design,iceberg,0.72,0.65,0.85,91772,7,91765,,,15.7,44.7,0.7
ccb_dependeval,baseline,dependency_recognition-java-a6bb8222,passed,1.0,java,medium,dependency_recognition,Architecture & Design,iceberg,0.72,0.65,0.85,383956,59,383811,,,42.6,66.4,0.9
ccb_dependeval,baseline,dependency_recognition-java-c7138508,passed,1.0,java,medium,dependency_recognition,Architecture & Design,oracle-r2dbc,0.72,0.65,0.85,343008,53,342991,,,35.1,56.2,0.8
ccb_dependeval,baseline,dependency_recognition-javascript-6940aa7b,passed,1.0,javascript,medium,dependency_recognition,Architecture & Design,Next-GraphQL-Blog,0.72,0.65,0.85,101446,11,101439,,,13.7,37.7,1.2
ccb_dependeval,baseline,dependency_recognition-javascript-d52503a0,passed,1.0,javascript,medium,dependency_recognition,Architecture & Design,place-to-stay,0.72,0.65,0.85,104114,7,104107,,,16.0,38.2,1.4
ccb_dependeval,baseline,dependency_recognition-javascript-dafb5116,passed,1.0,javascript,medium,dependency_recognition,Architecture & Design,cls-rtracer,0.72,0.65,0.85,100616,13,100609,,,14.6,35.0,0.7
ccb_dependeval,baseline,dependency_recognition-javascript-ef7ab7e5,passed,1.0,javascript,medium,dependency_recognition,Architecture & Design,better-onetab,0.72,0.65,0.85,98946,9,98939,,,13.5,34.2,1.5
ccb_dependeval,baseline,dependency_recognition-python-58e6c2b0,passed,1.0,python,medium,dependency_recognition,Architecture & Design,MLOS,0.72,0.65,0.85,98794,11,98787,,,14.5,35.1,0.8
ccb_dependeval,baseline,dependency_recognition-python-7c0ee37f,passed,1.0,python,medium,dependency_recognition,Architecture & Design,semi-supervised-music-tagging-transformer,0.72,0.65,0.85,104034,13,104027,,,16.1,37.1,0.7
ccb_dependeval,baseline,dependency_recognition-python-83d51f82,passed,1.0,python,medium,dependency_recognition,Architecture & Design,xos,0.72,0.65,0.85,82937,84,82932,,,326.1,347.4,1.5
ccb_dependeval,baseline,dependency_recognition-python-bb854fc4,passed,1.0,python,medium,dependency_recognition,Architecture & Design,alexa-apis-for-python,0.72,0.65,0.85,101086,13,101079,,,16.0,36.2,0.8
ccb_dependeval,baseline,dependency_recognition-typescript-a36bf7a5,passed,1.0,typescript,medium,dependency_recognition,Architecture & Design,Rankings-Backend,0.72,0.65,0.85,102799,11,102792,,,15.4,35.5,0.6
ccb_dependeval,baseline,dependency_recognition-typescript-b512c0c8,passed,1.0,typescript,medium,dependency_recognition,Architecture & Design,predicates,0.72,0.65,0.85,99899,13,99892,,,19.3,39.9,1.3
ccb_dependeval,baseline,dependency_recognition-typescript-b8647ec9,passed,1.0,typescript,medium,dependency_recognition,Architecture & Design,rules,0.72,0.65,0.85,98807,17,98800,,,18.4,38.3,0.7
ccb_dependeval,baseline,dependency_recognition-typescript-d13f8f68,passed,1.0,typescript,medium,dependency_recognition,Architecture & Design,installer-gui,0.72,0.65,0.85,100943,13,100936,,,16.9,36.6,0.8
ccb_dependeval,baseline,multifile_editing-java-2e96d995,passed,0.3268,java,medium,multifile_editing,Implementation (feature),kafka-webview,0.78,0.75,0.9,149741,3940,,135825,0.4822107000000001,127.5,148.1,0.7
ccb_dependeval,baseline,multifile_editing-java-5edcbb0d,passed,0.1076,java,medium,multifile_editing,Implementation (feature),RadioDroid,0.78,0.75,0.9,237807,8062,,208767,0.55289205,155.6,176.7,1.5
ccb_dependeval,baseline,multifile_editing-java-8d0d378a,passed,0.6537,java,medium,multifile_editing,Implementation (feature),NuProcess,0.78,0.75,0.9,206000,44,205988,,,40.3,61.9,1.1
ccb_dependeval,baseline,multifile_editing-java-e1c422ed,passed,0.3046,java,medium,multifile_editing,Implementation (feature),PowerTutor,0.78,0.75,0.9,570798,11370,,545405,1.0122429500000003,280.8,300.1,0.8
ccb_dependeval,baseline,multifile_editing-javascript-460fab96,passed,0.1927,javascript,medium,multifile_editing,Implementation (feature),winston-logstash,0.78,0.75,0.9,210628,87,210616,,,49.2,68.7,0.7
ccb_dependeval,baseline,multifile_editing-javascript-86e61c71,passed,0.2477,javascript,medium,multifile_editing,Implementation (feature),NFT-Marketplace-Tutorial,0.78,0.75,0.9,147759,13,147750,,,41.2,61.2,0.7
ccb_dependeval,baseline,multifile_editing-javascript-beeb2c66,passed,0.2734,javascript,medium,multifile_editing,Implementation (feature),three.bas,0.78,0.75,0.9,380717,83,380700,,,105.0,124.8,0.8
ccb_dependeval,baseline,multifile_editing-javascript-bf306859,passed,0.6725,javascript,medium,multifile_editing,Implementation (feature),type-to-reducer,0.78,0.75,0.9,213192,37,213180,,,173.4,192.9,0.7
ccb_dependeval,baseline,multifile_editing-python-37688cee,passed,0.1655,python,medium,multifile_editing,Implementation (feature),PiGlow,0.78,0.75,0.9,157040,19,157031,,,58.1,77.6,0.9
ccb_dependeval,baseline,multifile_editing-python-6e11aa67,passed,0.0508,python,medium,multifile_editing,Implementation (feature),Codex-CLI,0.78,0.75,0.9,305985,49,305971,,,99.8,121.4,1.0
ccb_dependeval,baseline,multifile_editing-python-85970e74,passed,0.1798,python,medium,multifile_editing,Implementation (feature),Magisk_Manager_Recovery_Tool,0.78,0.75,0.9,733593,7926,,699839,1.4558748500000003,258.2,280.1,2.1
ccb_dependeval,baseline,multifile_editing-python-ea840a03,passed,0.0369,python,medium,multifile_editing,Implementation (feature),modAL,0.78,0.75,0.9,662931,157,662906,,,191.9,213.7,1.2
ccb_dependeval,baseline,multifile_editing-typescript-01b00e0e,passed,0.6051,typescript,medium,multifile_editing,Implementation (feature),akello,0.78,0.75,0.9,145291,17,145282,,,40.9,65.6,2.9
ccb_dependeval,baseline,multifile_editing-typescript-1469d2cc,passed,0.1702,typescript,medium,multifile_editing,Implementation (feature),stromjs,0.78,0.75,0.9,213336,5389,,201542,0.3636869000000001,120.3,141.1,1.1
ccb_dependeval,baseline,multifile_editing-typescript-4253968d,passed,0.0969,typescript,medium,multifile_editing,Implementation (feature),Day59-Angular-Practice,0.78,0.75,0.9,366904,130,366885,,,59.7,81.3,1.7
ccb_dependeval,baseline,multifile_editing-typescript-73e7d1bc,passed,0.2823,typescript,medium,multifile_editing,Implementation (feature),event-sourcing-demo-app,0.78,0.75,0.9,113196,2703,,107366,0.16832644999999996,44.6,64.6,1.0
ccb_dependeval,sourcegraph_base,dependency_recognition-java-488d70a0,passed,1.0,java,medium,dependency_recognition,Architecture & Design,ProviGen,0.72,0.65,0.85,434531,124,434515,,,33.5,60.2,3.0
ccb_dependeval,sourcegraph_base,dependency_recognition-java-a06aa17b,passed,1.0,java,medium,dependency_recognition,Architecture & Design,iceberg,0.72,0.65,0.85,128536,9,128529,,,15.2,42.3,1.2
ccb_dependeval,sourcegraph_base,dependency_recognition-java-a6bb8222,passed,1.0,java,medium,dependency_recognition,Architecture & Design,iceberg,0.72,0.65,0.85,857402,52,857378,,,50.3,74.8,1.6
ccb_dependeval,sourcegraph_base,dependency_recognition-java-c7138508,passed,1.0,java,medium,dependency_recognition,Architecture & Design,oracle-r2dbc,0.72,0.65,0.85,912894,57,912867,,,50.8,72.7,0.7
ccb_dependeval,sourcegraph_base,dependency_recognition-javascript-6940aa7b,passed,1.0,javascript,medium,dependency_recognition,Architecture & Design,Next-GraphQL-Blog,0.72,0.65,0.85,149824,13,149817,,,14.2,38.3,1.4
ccb_dependeval,sourcegraph_base,dependency_recognition-javascript-d52503a0,passed,1.0,javascript,medium,dependency_recognition,Architecture & Design,place-to-stay,0.72,0.65,0.85,153795,25,153788,,,16.0,39.5,2.0
ccb_dependeval,sourcegraph_base,dependency_recognition-javascript-dafb5116,passed,1.0,javascript,medium,dependency_recognition,Architecture & Design,cls-rtracer,0.72,0.65,0.85,149015,9,149008,,,15.2,39.1,1.4
ccb_dependeval,sourcegraph_base,dependency_recognition-javascript-ef7ab7e5,passed,1.0,javascript,medium,dependency_recognition,Architecture & Design,better-onetab,0.72,0.65,0.85,147326,9,147319,,,14.8,38.3,1.5
ccb_dependeval,sourcegraph_base,dependency_recognition-python-58e6c2b0,passed,1.0,python,medium,dependency_recognition,Architecture & Design,MLOS,0.72,0.65,0.85,156647,9,156640,,,15.0,38.0,0.7
ccb_dependeval,sourcegraph_base,dependency_recognition-python-7c0ee37f,passed,1.0,python,medium,dependency_recognition,Architecture & Design,semi-supervised-music-tagging-transformer,0.72,0.65,0.85,153295,11,153288,,,15.2,41.1,4.0
ccb_dependeval,sourcegraph_base,dependency_recognition-python-83d51f82,passed,1.0,python,medium,dependency_recognition,Architecture & Design,xos,0.72,0.65,0.85,151735,13,151728,,,16.6,39.8,1.5
ccb_dependeval,sourcegraph_base,dependency_recognition-python-bb854fc4,passed,1.0,python,medium,dependency_recognition,Architecture & Design,alexa-apis-for-python,0.72,0.65,0.85,150263,13,150256,,,17.6,40.1,0.8
ccb_dependeval,sourcegraph_base,dependency_recognition-typescript-a36bf7a5,passed,1.0,typescript,medium,dependency_recognition,Architecture & Design,Rankings-Backend,0.72,0.65,0.85,151199,13,151192,,,19.2,41.5,0.9
ccb_dependeval,sourcegraph_base,dependency_recognition-typescript-b512c0c8,passed,1.0,typescript,medium,dependency_recognition,Architecture & Design,predicates,0.72,0.65,0.85,148194,9,148187,,,16.6,38.9,1.4
ccb_dependeval,sourcegraph_base,dependency_recognition-typescript-b8647ec9,passed,1.0,typescript,medium,dependency_recognition,Architecture & Design,rules,0.72,0.65,0.85,156658,9,156651,,,15.6,37.4,0.6
ccb_dependeval,sourcegraph_base,dependency_recognition-typescript-d13f8f68,passed,1.0,typescript,medium,dependency_recognition,Architecture & Design,installer-gui,0.72,0.65,0.85,149238,13,149231,,,21.4,43.1,0.8
ccb_dependeval,sourcegraph_base,multifile_editing-java-2e96d995,passed,0.3043,java,medium,multifile_editing,Implementation (feature),kafka-webview,0.78,0.75,0.9,766747,64,766720,,,71.2,93.3,1.4
ccb_dependeval,sourcegraph_base,multifile_editing-java-5edcbb0d,passed,0.108,java,medium,multifile_editing,Implementation (feature),RadioDroid,0.78,0.75,0.9,750338,523,750316,,,412.6,434.0,0.7
ccb_dependeval,sourcegraph_base,multifile_editing-java-8d0d378a,passed,0.6684,java,medium,multifile_editing,Implementation (feature),NuProcess,0.78,0.75,0.9,299481,105,299467,,,35.8,57.2,0.7
ccb_dependeval,sourcegraph_base,multifile_editing-java-e1c422ed,passed,0.0972,java,medium,multifile_editing,Implementation (feature),PowerTutor,0.78,0.75,0.9,1757564,174,1757480,,,202.5,224.3,0.7
ccb_dependeval,sourcegraph_base,multifile_editing-javascript-460fab96,passed,0.2014,javascript,medium,multifile_editing,Implementation (feature),winston-logstash,0.78,0.75,0.9,478024,118,478006,,,59.3,81.0,0.8
ccb_dependeval,sourcegraph_base,multifile_editing-javascript-86e61c71,passed,0.268,javascript,medium,multifile_editing,Implementation (feature),NFT-Marketplace-Tutorial,0.78,0.75,0.9,1025977,235,1025945,,,132.5,154.8,0.7
ccb_dependeval,sourcegraph_base,multifile_editing-javascript-beeb2c66,passed,0.2751,javascript,medium,multifile_editing,Implementation (feature),three.bas,0.78,0.75,0.9,862409,65,862381,,,110.4,132.0,0.8
ccb_dependeval,sourcegraph_base,multifile_editing-javascript-bf306859,passed,0.6786,javascript,medium,multifile_editing,Implementation (feature),type-to-reducer,0.78,0.75,0.9,1077647,256,1077614,,,434.2,455.9,0.6
ccb_dependeval,sourcegraph_base,multifile_editing-python-37688cee,passed,0.1354,python,medium,multifile_editing,Implementation (feature),PiGlow,0.78,0.75,0.9,590389,64,590368,,,85.4,106.5,0.7
ccb_dependeval,sourcegraph_base,multifile_editing-python-6e11aa67,passed,0.0568,python,medium,multifile_editing,Implementation (feature),Codex-CLI,0.78,0.75,0.9,676637,77,676614,,,93.1,115.0,0.8
ccb_dependeval,sourcegraph_base,multifile_editing-python-85970e74,passed,0.1833,python,medium,multifile_editing,Implementation (feature),Magisk_Manager_Recovery_Tool,0.78,0.75,0.9,981122,10937,,946427,2.19758975,727.9,748.9,0.7
ccb_dependeval,sourcegraph_base,multifile_editing-python-ea840a03,passed,0.0445,python,medium,multifile_editing,Implementation (feature),modAL,0.78,0.75,0.9,857746,110,857718,,,153.8,174.4,0.7
ccb_dependeval,sourcegraph_base,multifile_editing-typescript-01b00e0e,passed,0.568,typescript,medium,multifile_editing,Implementation (feature),akello,0.78,0.75,0.9,424818,89,424803,,,44.4,65.4,0.8
ccb_dependeval,sourcegraph_base,multifile_editing-typescript-1469d2cc,passed,0.5296,typescript,medium,multifile_editing,Implementation (feature),stromjs,0.78,0.75,0.9,1046019,168,1045992,,,133.6,155.0,0.7
ccb_dependeval,sourcegraph_base,multifile_editing-typescript-4253968d,passed,1.0,typescript,medium,multifile_editing,Implementation (feature),Day59-Angular-Practice,0.78,0.75,0.9,1636269,266,1636232,,,107.6,130.0,1.8
ccb_dependeval,sourcegraph_base,multifile_editing-typescript-73e7d1bc,passed,0.1517,typescript,medium,multifile_editing,Implementation (feature),event-sourcing-demo-app,0.78,0.75,0.9,548481,133,548460,,,50.6,71.6,0.7
ccb_dependeval,sourcegraph_full,dependency_recognition-java-488d70a0,passed,1.0,java,medium,dependency_recognition,Architecture & Design,ProviGen,0.72,0.65,0.85,524836,125,524819,,,31.1,55.2,1.6
ccb_dependeval,sourcegraph_full,dependency_recognition-java-a06aa17b,passed,1.0,java,medium,dependency_recognition,Architecture & Design,iceberg,0.72,0.65,0.85,160319,7,160312,,,15.2,39.3,1.6
ccb_dependeval,sourcegraph_full,dependency_recognition-java-a6bb8222,passed,1.0,java,medium,dependency_recognition,Architecture & Design,iceberg,0.72,0.65,0.85,779630,52,779609,,,43.8,67.5,1.8
ccb_dependeval,sourcegraph_full,dependency_recognition-java-c7138508,passed,1.0,java,medium,dependency_recognition,Architecture & Design,oracle-r2dbc,0.72,0.65,0.85,1020175,58,1020147,,,55.4,76.3,0.7
ccb_dependeval,sourcegraph_full,dependency_recognition-javascript-6940aa7b,passed,1.0,javascript,medium,dependency_recognition,Architecture & Design,Next-GraphQL-Blog,0.72,0.65,0.85,159031,7,159024,,,14.9,37.3,1.5
ccb_dependeval,sourcegraph_full,dependency_recognition-javascript-d52503a0,passed,1.0,javascript,medium,dependency_recognition,Architecture & Design,place-to-stay,0.72,0.65,0.85,163005,7,162998,,,16.9,39.3,1.3
ccb_dependeval,sourcegraph_full,dependency_recognition-javascript-dafb5116,passed,1.0,javascript,medium,dependency_recognition,Architecture & Design,cls-rtracer,0.72,0.65,0.85,158222,11,158215,,,15.2,36.8,0.7
ccb_dependeval,sourcegraph_full,dependency_recognition-javascript-ef7ab7e5,passed,1.0,javascript,medium,dependency_recognition,Architecture & Design,better-onetab,0.72,0.65,0.85,156533,9,156526,,,15.2,38.2,0.6
ccb_dependeval,sourcegraph_full,dependency_recognition-python-58e6c2b0,passed,1.0,python,medium,dependency_recognition,Architecture & Design,MLOS,0.72,0.65,0.85,156887,9,156880,,,18.7,40.9,1.2
ccb_dependeval,sourcegraph_full,dependency_recognition-python-7c0ee37f,passed,1.0,python,medium,dependency_recognition,Architecture & Design,semi-supervised-music-tagging-transformer,0.72,0.65,0.85,161704,11,161697,,,18.6,39.9,1.3
ccb_dependeval,sourcegraph_full,dependency_recognition-python-83d51f82,passed,1.0,python,medium,dependency_recognition,Architecture & Design,xos,0.72,0.65,0.85,160144,15,160137,,,17.7,39.5,0.6
ccb_dependeval,sourcegraph_full,dependency_recognition-python-bb854fc4,passed,1.0,python,medium,dependency_recognition,Architecture & Design,alexa-apis-for-python,0.72,0.65,0.85,159470,17,159463,,,17.0,39.6,1.5
ccb_dependeval,sourcegraph_full,dependency_recognition-typescript-a36bf7a5,passed,1.0,typescript,medium,dependency_recognition,Architecture & Design,Rankings-Backend,0.72,0.65,0.85,160404,7,160397,,,16.9,38.4,1.3
ccb_dependeval,sourcegraph_full,dependency_recognition-typescript-b512c0c8,passed,1.0,typescript,medium,dependency_recognition,Architecture & Design,predicates,0.72,0.65,0.85,157404,11,157397,,,15.8,36.5,0.6
ccb_dependeval,sourcegraph_full,dependency_recognition-typescript-b8647ec9,passed,1.0,typescript,medium,dependency_recognition,Architecture & Design,rules,0.72,0.65,0.85,164721,9,164714,,,16.3,37.9,1.5
ccb_dependeval,sourcegraph_full,dependency_recognition-typescript-d13f8f68,passed,1.0,typescript,medium,dependency_recognition,Architecture & Design,installer-gui,0.72,0.65,0.85,158445,9,158438,,,15.0,36.2,1.3
ccb_dependeval,sourcegraph_full,multifile_editing-java-2e96d995,passed,0.2628,java,medium,multifile_editing,Implementation (feature),kafka-webview,0.78,0.75,0.9,399182,4852,,379465,0.5008903,91.9,115.0,1.3
ccb_dependeval,sourcegraph_full,multifile_editing-java-5edcbb0d,passed,0.1101,java,medium,multifile_editing,Implementation (feature),RadioDroid,0.78,0.75,0.9,1074461,95,1074436,,,116.0,138.1,1.4
ccb_dependeval,sourcegraph_full,multifile_editing-java-8d0d378a,passed,0.6478,java,medium,multifile_editing,Implementation (feature),NuProcess,0.78,0.75,0.9,694756,139,694732,,,58.2,81.0,1.4
ccb_dependeval,sourcegraph_full,multifile_editing-java-e1c422ed,passed,0.0142,java,medium,multifile_editing,Implementation (feature),PowerTutor,0.78,0.75,0.9,769089,11261,,730481,0.9667892000000003,231.3,253.0,1.2
ccb_dependeval,sourcegraph_full,multifile_editing-javascript-460fab96,passed,0.1927,javascript,medium,multifile_editing,Implementation (feature),winston-logstash,0.78,0.75,0.9,426584,87,426567,,,40.6,64.7,0.6
ccb_dependeval,sourcegraph_full,multifile_editing-javascript-86e61c71,passed,1.0,javascript,medium,multifile_editing,Implementation (feature),NFT-Marketplace-Tutorial,0.78,0.75,0.9,1335674,243,1335644,,,123.6,145.2,1.4
ccb_dependeval,sourcegraph_full,multifile_editing-javascript-beeb2c66,passed,0.275,javascript,medium,multifile_editing,Implementation (feature),three.bas,0.78,0.75,0.9,1188862,4905,1188384,,,447.3,468.3,0.7
ccb_dependeval,sourcegraph_full,multifile_editing-javascript-bf306859,passed,0.6953,javascript,medium,multifile_editing,Implementation (feature),type-to-reducer,0.78,0.75,0.9,719663,55,719639,,,96.4,117.6,0.8
ccb_dependeval,sourcegraph_full,multifile_editing-python-37688cee,passed,0.2034,python,medium,multifile_editing,Implementation (feature),PiGlow,0.78,0.75,0.9,491504,18,491486,,,81.4,102.9,0.7
ccb_dependeval,sourcegraph_full,multifile_editing-python-6e11aa67,passed,0.052,python,medium,multifile_editing,Implementation (feature),Codex-CLI,0.78,0.75,0.9,631790,69,631769,,,86.0,107.5,0.7
ccb_dependeval,sourcegraph_full,multifile_editing-python-85970e74,passed,1.0,python,medium,multifile_editing,Implementation (feature),Magisk_Manager_Recovery_Tool,0.78,0.75,0.9,2713241,343,2713185,,,200.8,222.8,0.7
ccb_dependeval,sourcegraph_full,multifile_editing-python-ea840a03,passed,0.0369,python,medium,multifile_editing,Implementation (feature),modAL,0.78,0.75,0.9,1453454,237,1450764,,,249.6,270.7,0.7
ccb_dependeval,sourcegraph_full,multifile_editing-typescript-01b00e0e,passed,0.5478,typescript,medium,multifile_editing,Implementation (feature),akello,0.78,0.75,0.9,408010,18,407996,,,41.3,63.1,0.8
ccb_dependeval,sourcegraph_full,multifile_editing-typescript-1469d2cc,passed,1.0,typescript,medium,multifile_editing,Implementation (feature),stromjs,0.78,0.75,0.9,1670837,288,1670801,,,101.4,122.5,0.7
ccb_dependeval,sourcegraph_full,multifile_editing-typescript-4253968d,passed,1.0,typescript,medium,multifile_editing,Implementation (feature),Day59-Angular-Practice,0.78,0.75,0.9,1346701,288,1346669,,,85.0,117.6,11.2
ccb_dependeval,sourcegraph_full,multifile_editing-typescript-73e7d1bc,failed,0.0,typescript,medium,multifile_editing,Implementation (feature),event-sourcing-demo-app,0.78,0.75,0.9,502266,109,502247,,,33.0,56.7,3.0
ccb_dibench,baseline,dibench-csharp-dotnetkoans,failed,0.0,csharp,medium,dependency_inference,Implementation (feature),DotNetKoans/DotNetKoans,0.73,0.6,0.75,1008443,155,1008349,,,142.1,210.4,5.2
ccb_dibench,baseline,dibench-csharp-irongut-codecoveragesummary,failed,0.0,csharp,medium,dependency_inference,Implementation (feature),irongut/CodeCoverageSummary,0.72,0.6,0.7,656004,191,656002,,,109.2,186.3,5.5
ccb_dibench,baseline,dibench-js-eslint-markdown,passed,1.0,javascript,medium,dependency_inference,Implementation (feature),eslint/markdown,0.74,0.65,0.75,3348646,365,3348462,,,267.7,525.2,2.2
ccb_dibench,baseline,dibench-js-motdotla-dotenv-expand,failed,0.0,javascript,medium,dependency_inference,Implementation (feature),motdotla/dotenv-expand,0.7,0.55,0.7,569924,145,569922,,,135.8,291.0,6.6
ccb_dibench,baseline,dibench-python-inducer-cgen,passed,1.0,python,medium,dependency_inference,Implementation (feature),inducer/cgen,0.72,0.6,0.7,2790699,496,2790560,,,256.3,315.2,7.2
ccb_dibench,baseline,dibench-python-rhinosec-iamactionhunter,failed,0.0,python,medium,dependency_inference,Implementation (feature),RhinoSecurityLabs/IAMActionHunter,0.74,0.65,0.75,1066543,305,1066404,,,152.0,210.7,2.7
ccb_dibench,baseline,dibench-rust-mitsuhiko-similar-asserts,passed,1.0,rust,medium,dependency_inference,Implementation (feature),mitsuhiko/similar-asserts,0.73,0.6,0.75,1045414,219,1045320,,,193.1,292.4,19.7
ccb_dibench,baseline,dibench-rust-rusticata-pcap-parser,passed,1.0,rust,medium,dependency_inference,Implementation (feature),rusticata/pcap-parser,0.73,0.6,0.75,1600522,183,1600473,,,83.7,170.0,25.7
ccb_dibench,sourcegraph_base,dibench-csharp-dotnetkoans,failed,0.0,csharp,medium,dependency_inference,Implementation (feature),DotNetKoans/DotNetKoans,0.73,0.6,0.75,1788581,274,1788534,,,123.0,161.8,8.2
ccb_dibench,sourcegraph_base,dibench-csharp-irongut-codecoveragesummary,failed,0.0,csharp,medium,dependency_inference,Implementation (feature),irongut/CodeCoverageSummary,0.72,0.6,0.7,889270,112,889242,,,64.2,109.9,7.7
ccb_dibench,sourcegraph_base,dibench-js-eslint-markdown,passed,1.0,javascript,medium,dependency_inference,Implementation (feature),eslint/markdown,0.74,0.65,0.75,5169364,720,5169269,,,273.3,330.4,2.1
ccb_dibench,sourcegraph_base,dibench-js-motdotla-dotenv-expand,passed,1.0,javascript,medium,dependency_inference,Implementation (feature),motdotla/dotenv-expand,0.7,0.55,0.7,1382066,288,1382028,,,144.5,197.7,1.2
ccb_dibench,sourcegraph_base,dibench-python-inducer-cgen,failed,0.0,python,medium,dependency_inference,Implementation (feature),inducer/cgen,0.72,0.6,0.7,2101350,412,2101304,,,131.5,180.5,9.1
ccb_dibench,sourcegraph_base,dibench-python-rhinosec-iamactionhunter,failed,0.0,python,medium,dependency_inference,Implementation (feature),RhinoSecurityLabs/IAMActionHunter,0.74,0.65,0.75,1470271,534,1470227,,,137.9,183.7,9.1
ccb_dibench,sourcegraph_base,dibench-rust-mitsuhiko-similar-asserts,passed,1.0,rust,medium,dependency_inference,Implementation (feature),mitsuhiko/similar-asserts,0.73,0.6,0.75,2856397,571,2856333,,,193.0,284.0,57.1
ccb_dibench,sourcegraph_base,dibench-rust-rusticata-pcap-parser,passed,1.0,rust,medium,dependency_inference,Implementation (feature),rusticata/pcap-parser,0.73,0.6,0.75,2827768,412,2827709,,,236.9,328.9,57.0
ccb_dibench,sourcegraph_full,dibench-csharp-dotnetkoans,failed,0.0,csharp,medium,dependency_inference,Implementation (feature),DotNetKoans/DotNetKoans,0.73,0.6,0.75,2819930,490,2819866,,,183.7,214.6,1.4
ccb_dibench,sourcegraph_full,dibench-csharp-irongut-codecoveragesummary,failed,0.0,csharp,medium,dependency_inference,Implementation (feature),irongut/CodeCoverageSummary,0.72,0.6,0.7,865830,252,865803,,,56.9,89.0,1.8
ccb_dibench,sourcegraph_full,dibench-js-eslint-markdown,passed,1.0,javascript,medium,dependency_inference,Implementation (feature),eslint/markdown,0.74,0.65,0.75,2995558,326,2995492,,,199.6,240.8,1.0
ccb_dibench,sourcegraph_full,dibench-js-motdotla-dotenv-expand,passed,1.0,javascript,medium,dependency_inference,Implementation (feature),motdotla/dotenv-expand,0.7,0.55,0.7,1205553,168,1205521,,,115.9,155.6,1.0
ccb_dibench,sourcegraph_full,dibench-python-inducer-cgen,failed,0.0,python,medium,dependency_inference,Implementation (feature),inducer/cgen,0.72,0.6,0.7,1375720,264,1375684,,,99.8,131.3,0.7
ccb_dibench,sourcegraph_full,dibench-python-rhinosec-iamactionhunter,failed,0.0,python,medium,dependency_inference,Implementation (feature),RhinoSecurityLabs/IAMActionHunter,0.74,0.65,0.75,1600122,571,1600079,,,131.3,165.6,0.7
ccb_dibench,sourcegraph_full,dibench-rust-mitsuhiko-similar-asserts,passed,1.0,rust,medium,dependency_inference,Implementation (feature),mitsuhiko/similar-asserts,0.73,0.6,0.75,2446219,549,2446165,,,181.3,218.4,1.4
ccb_dibench,sourcegraph_full,dibench-rust-rusticata-pcap-parser,passed,1.0,rust,medium,dependency_inference,Implementation (feature),rusticata/pcap-parser,0.73,0.6,0.75,1600228,244,1600192,,,114.7,150.0,1.3
ccb_k8sdocs,baseline,apiserver-doc-001,errored,0.0,go,hard,package-documentation,Documentation,sg-benchmarks/kubernetes--stripped,0.515,0.6,0.3,,,,,,154.8,299.2,1.9
ccb_k8sdocs,baseline,applyconfig-doc-001,errored,0.0,go,hard,package-documentation,Documentation,sg-benchmarks/kubernetes--stripped,0.515,0.6,0.3,,,,,,332.7,476.8,1.4
ccb_k8sdocs,baseline,client-go-doc-001,passed,1.0,go,hard,package-documentation,Documentation,sg-benchmarks/kubernetes--stripped,0.515,0.6,0.3,1418580,269,1418535,,,150.8,359.0,6.4
ccb_k8sdocs,baseline,fairqueuing-doc-001,errored,0.0,go,hard,package-documentation,Documentation,sg-benchmarks/kubernetes--stripped,0.515,0.6,0.3,,,,,,227.1,331.4,0.9
ccb_k8sdocs,baseline,pkg-doc-001,passed,0.9,go,medium,package-documentation,Documentation,sg-benchmarks/kubernetes--stripped,0.515,0.6,0.3,776945,241,776916,,,106.6,241.0,1.3
ccb_k8sdocs,sourcegraph_base,apiserver-doc-001,passed,0.9,go,hard,package-documentation,Documentation,sg-benchmarks/kubernetes--stripped,0.515,0.6,0.3,1326472,335,1326439,,,92.3,288.3,1.0
ccb_k8sdocs,sourcegraph_base,applyconfig-doc-001,passed,0.9,go,hard,package-documentation,Documentation,sg-benchmarks/kubernetes--stripped,0.515,0.6,0.3,2431527,390,2431481,,,138.5,292.1,1.8
ccb_k8sdocs,sourcegraph_base,client-go-doc-001,passed,1.0,go,hard,package-documentation,Documentation,sg-benchmarks/kubernetes--stripped,0.515,0.6,0.3,1653079,505,1653039,,,127.8,320.5,1.1
ccb_k8sdocs,sourcegraph_base,fairqueuing-doc-001,passed,0.9,go,hard,package-documentation,Documentation,sg-benchmarks/kubernetes--stripped,0.515,0.6,0.3,1646221,265,1646189,,,105.7,240.7,1.4
ccb_k8sdocs,sourcegraph_base,pkg-doc-001,passed,0.9,go,medium,package-documentation,Documentation,sg-benchmarks/kubernetes--stripped,0.515,0.6,0.3,1159796,85,1159764,,,85.5,251.0,2.0
ccb_k8sdocs,sourcegraph_full,apiserver-doc-001,passed,0.9,go,hard,package-documentation,Documentation,sg-benchmarks/kubernetes--stripped,0.515,0.6,0.3,1545952,482,1545917,,,121.4,262.2,1.7
ccb_k8sdocs,sourcegraph_full,applyconfig-doc-001,passed,0.9,go,hard,package-documentation,Documentation,sg-benchmarks/kubernetes--stripped,0.515,0.6,0.3,2057978,261,2057942,,,135.0,293.6,1.1
ccb_k8sdocs,sourcegraph_full,client-go-doc-001,passed,1.0,go,hard,package-documentation,Documentation,sg-benchmarks/kubernetes--stripped,0.515,0.6,0.3,1760679,399,1760638,,,139.2,280.7,1.7
ccb_k8sdocs,sourcegraph_full,fairqueuing-doc-001,passed,0.9,go,hard,package-documentation,Documentation,sg-benchmarks/kubernetes--stripped,0.515,0.6,0.3,1795578,243,1795545,,,234.9,371.5,1.1
ccb_k8sdocs,sourcegraph_full,pkg-doc-001,passed,0.9,go,medium,package-documentation,Documentation,sg-benchmarks/kubernetes--stripped,0.515,0.6,0.3,1885608,360,1885568,,,378.2,526.3,1.2
ccb_largerepo,baseline,big-code-k8s-001,failed,0.0,go,hard,big_code_feature,Implementation (feature),kubernetes/kubernetes,0.895,0.95,0.8,6066551,633,6066325,,,817.8,2405.1,520.3
ccb_largerepo,baseline,big-code-servo-001,failed,0.0,rust,hard,big_code_feature,Implementation (feature),servo/servo,0.895,0.95,0.8,7077709,23484,,6981847,5.0586294999999994,1735.8,6868.5,3073.1
ccb_largerepo,baseline,big-code-trt-001,passed,1.0,"python,cpp",hard,big_code_feature,Implementation (feature),NVIDIA/TensorRT-LLM,0.895,0.95,0.8,21553893,1433,21553716,,,669.1,1151.2,288.4
ccb_largerepo,baseline,big-code-vsc-001,failed,0.0,typescript,hard,big_code_feature,Implementation (feature),microsoft/vscode,0.895,0.95,0.8,5007569,13910,,4918793,3.6465488,766.0,1188.8,188.5
ccb_largerepo,sourcegraph_base,big-code-k8s-001,failed,0.0,go,hard,big_code_feature,Implementation (feature),kubernetes/kubernetes,0.895,0.95,0.8,10247831,931,10247829,,,702.7,1012.4,1.9
ccb_largerepo,sourcegraph_base,big-code-servo-001,failed,0.0,rust,hard,big_code_feature,Implementation (feature),servo/servo,0.895,0.95,0.8,11733867,969,11733865,,,1092.6,2642.5,0.9
ccb_largerepo,sourcegraph_base,big-code-trt-001,passed,1.0,"python,cpp",hard,big_code_feature,Implementation (feature),NVIDIA/TensorRT-LLM,0.895,0.95,0.8,16429427,1386,16429423,,,495.4,681.0,1.0
ccb_largerepo,sourcegraph_base,big-code-vsc-001,failed,0.0,typescript,hard,big_code_feature,Implementation (feature),microsoft/vscode,0.895,0.95,0.8,6764544,733,6764542,,,234.2,413.3,1.0
ccb_largerepo,sourcegraph_full,big-code-k8s-001,passed,0.7,go,hard,big_code_feature,Implementation (feature),kubernetes/kubernetes,0.895,0.95,0.8,4494975,19958,,4435167,3.2687175000000006,1988.1,4013.6,598.2
ccb_largerepo,sourcegraph_full,big-code-servo-001,failed,0.0,rust,hard,big_code_feature,Implementation (feature),servo/servo,0.895,0.95,0.8,5575352,18697,,5492696,4.286333450000002,4613.5,7790.5,1109.4
ccb_largerepo,sourcegraph_full,big-code-trt-001,passed,1.0,"python,cpp",hard,big_code_feature,Implementation (feature),NVIDIA/TensorRT-LLM,0.895,0.95,0.8,26021475,1751,26021243,,,1264.6,2171.6,522.9
ccb_largerepo,sourcegraph_full,big-code-vsc-001,failed,0.0,typescript,hard,big_code_feature,Implementation (feature),microsoft/vscode,0.895,0.95,0.8,6385336,17835,,6296081,4.8637491,1122.1,1750.3,215.1
ccb_linuxflbench,baseline,lfl-acpi-207835,passed,1.0,c,expert,fault_localization,Implementation (bug fix),torvalds/linux,0.92,0.95,0.9,641223,267,641221,,,176.4,578.3,0.5
ccb_linuxflbench,baseline,lfl-nfs-117651,passed,0.3,c,expert,fault_localization,Implementation (bug fix),torvalds/linux,0.94,0.95,0.95,5211593,757,5211293,,,360.2,662.6,3.3
ccb_linuxflbench,baseline,lfl-sata-203475,passed,1.0,c,expert,fault_localization,Implementation (bug fix),torvalds/linux,0.88,0.9,0.85,512910,220,512908,,,129.7,474.3,1.7
ccb_linuxflbench,baseline,lfl-sound-53441,passed,1.0,c,expert,fault_localization,Implementation (bug fix),torvalds/linux,0.89,0.9,0.85,3253013,477,3253011,,,334.6,597.4,0.8
ccb_linuxflbench,baseline,lfl-wifi-206661,passed,1.0,c,expert,fault_localization,Implementation (bug fix),torvalds/linux,0.9,0.9,0.88,750497,237,750495,,,161.8,529.7,0.9
ccb_linuxflbench,sourcegraph_base,lfl-acpi-207835,passed,1.0,c,expert,fault_localization,Implementation (bug fix),torvalds/linux,0.92,0.95,0.9,853784,336,853760,,,192.6,839.3,1.0
ccb_linuxflbench,sourcegraph_base,lfl-nfs-117651,passed,0.7,c,expert,fault_localization,Implementation (bug fix),torvalds/linux,0.94,0.95,0.95,6418903,1090,6417811,,,484.2,1421.9,5.4
ccb_linuxflbench,sourcegraph_base,lfl-sata-203475,passed,1.0,c,expert,fault_localization,Implementation (bug fix),torvalds/linux,0.88,0.9,0.85,907830,198,907803,,,174.5,1525.7,331.2
ccb_linuxflbench,sourcegraph_base,lfl-sound-53441,passed,0.7,c,expert,fault_localization,Implementation (bug fix),torvalds/linux,0.89,0.9,0.85,1265598,492,1265563,,,127.0,627.1,65.7
ccb_linuxflbench,sourcegraph_base,lfl-wifi-206661,passed,0.7,c,expert,fault_localization,Implementation (bug fix),torvalds/linux,0.9,0.9,0.88,1077030,152,1076998,,,684.3,2768.7,242.0
ccb_linuxflbench,sourcegraph_full,lfl-acpi-207835,passed,1.0,c,expert,fault_localization,Implementation (bug fix),torvalds/linux,0.92,0.95,0.9,1022028,220,1022003,,,142.6,438.2,0.5
ccb_linuxflbench,sourcegraph_full,lfl-nfs-117651,passed,0.7,c,expert,fault_localization,Implementation (bug fix),torvalds/linux,0.94,0.95,0.95,6179278,649,6179178,,,465.1,611.1,0.6
ccb_linuxflbench,sourcegraph_full,lfl-sata-203475,passed,1.0,c,expert,fault_localization,Implementation (bug fix),torvalds/linux,0.88,0.9,0.85,681280,110,681258,,,97.5,269.9,0.6
ccb_linuxflbench,sourcegraph_full,lfl-sound-53441,passed,1.0,c,expert,fault_localization,Implementation (bug fix),torvalds/linux,0.89,0.9,0.85,3913508,649,3913430,,,295.4,419.5,0.6
ccb_linuxflbench,sourcegraph_full,lfl-wifi-206661,passed,0.7,c,expert,fault_localization,Implementation (bug fix),torvalds/linux,0.9,0.9,0.88,1285652,317,1285620,,,143.9,333.5,0.7
ccb_locobench,baseline,c_api_graphql_expert_079_architectural_understanding_expert_01,passed,0.5073,c,expert,architectural_understanding,Architecture & Design,,0.94,1.0,1.0,2963291,591,2963289,,,241.8,291.2,24.1
ccb_locobench,baseline,c_api_graphql_expert_079_cross_file_refactoring_expert_01,passed,0.4453,c,expert,cross_file_refactoring,Implementation (refactoring),,0.915,1.0,1.0,3178103,298,3178101,,,246.4,271.8,0.9
ccb_locobench,baseline,c_api_microservice_expert_080_architectural_understanding_expert_01,passed,0.4655,c,expert,architectural_understanding,Architecture & Design,,0.94,1.0,1.0,4211784,604,4211782,,,200.7,248.5,23.7
ccb_locobench,baseline,c_api_microservice_expert_080_cross_file_refactoring_expert_01,passed,0.6527,c,expert,cross_file_refactoring,Implementation (refactoring),,0.915,1.0,1.0,1677646,15125,,1616854,1.7338942500000005,313.4,339.1,0.7
ccb_locobench,baseline,c_blockchain_nft_expert_071_architectural_understanding_expert_01,passed,0.5214,c,expert,architectural_understanding,Architecture & Design,,0.94,1.0,1.0,2182891,476,2182885,,,183.7,244.9,32.3
ccb_locobench,baseline,c_blockchain_nft_expert_071_bug_investigation_expert_01,passed,0.4166,c,expert,bug_investigation,Implementation (bug fix),,0.865,1.0,1.0,3787940,211,3787938,,,175.4,200.3,0.8
ccb_locobench,baseline,c_blockchain_nft_expert_071_cross_file_refactoring_expert_01,passed,0.4704,c,expert,cross_file_refactoring,Implementation (refactoring),,0.915,1.0,1.0,2074095,22255,,1974811,2.35103445,379.5,405.5,0.9
ccb_locobench,baseline,cpp_web_blog_expert_040_cross_file_refactoring_expert_01,passed,0.4268,cpp,expert,cross_file_refactoring,Implementation (refactoring),,0.9088,0.975,1.0,3277197,495,3277195,,,252.2,301.5,23.3
ccb_locobench,baseline,csharp_data_warehouse_expert_012_architectural_understanding_expert_01,passed,0.5457,csharp,expert,architectural_understanding,Architecture & Design,,0.94,1.0,1.0,1339755,14006,,1216486,2.0225294,424.6,453.0,0.8
ccb_locobench,baseline,csharp_data_warehouse_expert_012_bug_investigation_expert_01,passed,0.4717,csharp,expert,bug_investigation,Implementation (bug fix),,0.865,1.0,1.0,1253413,11517,,1196816,1.4093097000000003,308.4,335.1,0.6
ccb_locobench,baseline,csharp_data_warehouse_expert_012_cross_file_refactoring_expert_01,passed,0.4767,csharp,expert,cross_file_refactoring,Implementation (refactoring),,0.915,1.0,1.0,6484275,988,6484273,,,307.0,333.0,0.9
ccb_locobench,baseline,python_data_streaming_expert_085_architectural_understanding_expert_01,passed,0.4656,python,expert,architectural_understanding,Architecture & Design,,0.94,1.0,1.0,506509,23,506505,,,156.7,204.1,23.4
ccb_locobench,baseline,python_data_streaming_expert_085_cross_file_refactoring_expert_01,passed,0.4631,python,expert,cross_file_refactoring,Implementation (refactoring),,0.915,1.0,1.0,3774284,21445,,3702846,3.01755225,406.9,464.3,34.4
ccb_locobench,baseline,python_desktop_development_expert_021_architectural_understanding_expert_01,failed,0.0,python,expert,architectural_understanding,Architecture & Design,,0.94,1.0,1.0,4402096,31039,,4164236,4.96077005,1127.8,1173.7,21.1
ccb_locobench,baseline,python_desktop_development_expert_021_cross_file_refactoring_expert_01,passed,0.5124,python,expert,cross_file_refactoring,Implementation (refactoring),,0.915,1.0,1.0,6635694,924,6635692,,,474.3,500.2,0.9
ccb_locobench,baseline,python_game_engine_expert_032_architectural_understanding_expert_01,passed,0.4752,python,expert,architectural_understanding,Architecture & Design,,0.94,1.0,1.0,1899194,343,1899192,,,217.6,267.3,23.9
ccb_locobench,baseline,python_game_engine_expert_032_cross_file_refactoring_expert_01,passed,0.5659,python,expert,cross_file_refactoring,Implementation (refactoring),,0.915,1.0,1.0,15897821,1626,15897814,,,639.0,667.4,0.9
ccb_locobench,baseline,rust_api_microservice_expert_008_architectural_understanding_expert_01,passed,0.4693,rust,expert,architectural_understanding,Architecture & Design,,0.94,1.0,1.0,2277892,312,2277302,,,211.1,259.5,24.2
ccb_locobench,baseline,rust_api_microservice_expert_008_cross_file_refactoring_expert_01,failed,0.0,rust,expert,cross_file_refactoring,Implementation (refactoring),,0.915,1.0,1.0,2113424,23002,,1952774,29.353471500000026,783.3,873.7,67.4
ccb_locobench,baseline,rust_data_streaming_expert_013_architectural_understanding_expert_01,passed,0.5657,rust,expert,architectural_understanding,Architecture & Design,,0.94,1.0,1.0,3708211,300,3708209,,,182.3,230.4,22.4
ccb_locobench,baseline,rust_data_streaming_expert_013_cross_file_refactoring_expert_01,passed,0.4534,rust,expert,cross_file_refactoring,Implementation (refactoring),,0.915,1.0,1.0,5947797,632,5947795,,,585.7,612.0,0.8
ccb_locobench,baseline,rust_ml_computer_vision_expert_054_cross_file_refactoring_expert_01,passed,0.4403,rust,expert,cross_file_refactoring,Implementation (refactoring),,0.915,1.0,1.0,2663407,456,2663405,,,247.1,294.9,22.8
ccb_locobench,baseline,rust_web_social_expert_073_bug_investigation_expert_01,passed,0.478,rust,expert,bug_investigation,Implementation (bug fix),,0.865,1.0,1.0,4917187,11873,,4804165,4.0149449,576.8,626.3,23.6
ccb_locobench,baseline,rust_web_social_expert_073_cross_file_refactoring_expert_01,passed,0.4397,rust,expert,cross_file_refactoring,Implementation (refactoring),,0.915,1.0,1.0,4346410,482,4346402,,,555.7,582.1,1.0
ccb_locobench,baseline,typescript_system_monitoring_expert_061_cross_file_refactoring_expert_01,passed,0.496,typescript,expert,cross_file_refactoring,Implementation (refactoring),,0.915,1.0,1.0,15458024,1578,15457962,,,975.1,1037.2,35.5
ccb_locobench,sourcegraph_base,c_api_graphql_expert_079_architectural_understanding_expert_01,passed,0.626,c,expert,architectural_understanding,Architecture & Design,,0.94,1.0,1.0,4404366,678,4404305,,,259.7,299.1,2.0
ccb_locobench,sourcegraph_base,c_api_graphql_expert_079_cross_file_refactoring_expert_01,passed,0.5744,c,expert,cross_file_refactoring,Implementation (refactoring),,0.915,1.0,1.0,4432344,306,4432285,,,275.5,310.5,0.8
ccb_locobench,sourcegraph_base,c_api_microservice_expert_080_architectural_understanding_expert_01,passed,0.4711,c,expert,architectural_understanding,Architecture & Design,,0.94,1.0,1.0,3988746,345,3988744,,,182.6,718.8,494.8
ccb_locobench,sourcegraph_base,c_api_microservice_expert_080_cross_file_refactoring_expert_01,passed,0.7283,c,expert,cross_file_refactoring,Implementation (refactoring),,0.915,1.0,1.0,5619662,612,5619660,,,328.9,392.6,13.3
ccb_locobench,sourcegraph_base,c_blockchain_nft_expert_071_architectural_understanding_expert_01,passed,0.4881,c,expert,architectural_understanding,Architecture & Design,,0.94,1.0,1.0,2654566,427,2654564,,,200.6,316.5,65.6
ccb_locobench,sourcegraph_base,c_blockchain_nft_expert_071_bug_investigation_expert_01,passed,0.4419,c,expert,bug_investigation,Implementation (bug fix),,0.865,1.0,1.0,5214806,416,5214804,,,226.4,297.6,10.3
ccb_locobench,sourcegraph_base,c_blockchain_nft_expert_071_cross_file_refactoring_expert_01,passed,0.4691,c,expert,cross_file_refactoring,Implementation (refactoring),,0.915,1.0,1.0,2580738,537,2580736,,,306.7,361.0,7.6
ccb_locobench,sourcegraph_base,cpp_web_blog_expert_040_cross_file_refactoring_expert_01,passed,0.4378,cpp,expert,cross_file_refactoring,Implementation (refactoring),,0.9088,0.975,1.0,4669181,609,4669173,,,299.9,356.1,3.2
ccb_locobench,sourcegraph_base,csharp_data_warehouse_expert_012_architectural_understanding_expert_01,passed,0.5643,csharp,expert,architectural_understanding,Architecture & Design,,0.94,1.0,1.0,3589509,266,3589459,,,235.8,276.1,1.0
ccb_locobench,sourcegraph_base,csharp_data_warehouse_expert_012_bug_investigation_expert_01,passed,0.4618,csharp,expert,bug_investigation,Implementation (bug fix),,0.865,1.0,1.0,6989124,1149,6989012,,,377.3,412.9,0.7
ccb_locobench,sourcegraph_base,csharp_data_warehouse_expert_012_cross_file_refactoring_expert_01,passed,0.4889,csharp,expert,cross_file_refactoring,Implementation (refactoring),,0.915,1.0,1.0,3062542,766,3062540,,,205.2,262.7,6.4
ccb_locobench,sourcegraph_base,python_data_streaming_expert_085_architectural_understanding_expert_01,passed,0.4711,python,expert,architectural_understanding,Architecture & Design,,0.94,1.0,1.0,2149510,546,2149467,,,203.6,237.9,0.8
ccb_locobench,sourcegraph_base,python_data_streaming_expert_085_cross_file_refactoring_expert_01,passed,0.4686,python,expert,cross_file_refactoring,Implementation (refactoring),,0.915,1.0,1.0,7850283,811,7850281,,,595.4,640.1,7.6
ccb_locobench,sourcegraph_base,python_desktop_development_expert_021_architectural_understanding_expert_01,passed,0.5417,python,expert,architectural_understanding,Architecture & Design,,0.94,1.0,1.0,13858866,1375,13858718,,,503.5,538.2,1.0
ccb_locobench,sourcegraph_base,python_desktop_development_expert_021_cross_file_refactoring_expert_01,passed,0.53,python,expert,cross_file_refactoring,Implementation (refactoring),,0.915,1.0,1.0,9631469,1310,9631459,,,570.5,610.6,2.7
ccb_locobench,sourcegraph_base,python_game_engine_expert_032_architectural_understanding_expert_01,passed,0.4706,python,expert,architectural_understanding,Architecture & Design,,0.94,1.0,1.0,2160990,381,2160988,,,203.9,277.5,3.6
ccb_locobench,sourcegraph_base,python_game_engine_expert_032_cross_file_refactoring_expert_01,passed,0.5401,python,expert,cross_file_refactoring,Implementation (refactoring),,0.915,1.0,1.0,3599173,381,3599171,,,226.8,281.5,16.5
ccb_locobench,sourcegraph_base,rust_api_microservice_expert_008_architectural_understanding_expert_01,passed,0.465,rust,expert,architectural_understanding,Architecture & Design,,0.94,1.0,1.0,2268611,272,2268573,,,177.2,209.6,0.7
ccb_locobench,sourcegraph_base,rust_api_microservice_expert_008_cross_file_refactoring_expert_01,passed,0.6565,rust,expert,cross_file_refactoring,Implementation (refactoring),,0.915,1.0,1.0,3683988,348,3683984,,,253.0,289.9,1.5
ccb_locobench,sourcegraph_base,rust_data_streaming_expert_013_architectural_understanding_expert_01,passed,0.4934,rust,expert,architectural_understanding,Architecture & Design,,0.94,1.0,1.0,2628256,398,2628254,,,181.4,219.2,2.3
ccb_locobench,sourcegraph_base,rust_data_streaming_expert_013_cross_file_refactoring_expert_01,passed,0.4485,rust,expert,cross_file_refactoring,Implementation (refactoring),,0.915,1.0,1.0,7575855,487,7575837,,,582.3,624.9,0.8
ccb_locobench,sourcegraph_base,rust_ml_computer_vision_expert_054_cross_file_refactoring_expert_01,passed,0.4597,rust,expert,cross_file_refactoring,Implementation (refactoring),,0.915,1.0,1.0,7834259,899,7834255,,,470.8,506.3,0.9
ccb_locobench,sourcegraph_base,rust_web_social_expert_073_bug_investigation_expert_01,passed,0.4783,rust,expert,bug_investigation,Implementation (bug fix),,0.865,1.0,1.0,14053625,1200,14053550,,,366.9,404.6,1.0
ccb_locobench,sourcegraph_base,rust_web_social_expert_073_cross_file_refactoring_expert_01,passed,0.4373,rust,expert,cross_file_refactoring,Implementation (refactoring),,0.915,1.0,1.0,3510609,313,3510599,,,227.3,259.9,1.7
ccb_locobench,sourcegraph_base,typescript_system_monitoring_expert_061_cross_file_refactoring_expert_01,passed,0.5558,typescript,expert,cross_file_refactoring,Implementation (refactoring),,0.915,1.0,1.0,4578864,503,4578862,,,323.9,360.5,2.9
ccb_locobench,sourcegraph_full,c_api_graphql_expert_079_architectural_understanding_expert_01,passed,0.5547,c,expert,architectural_understanding,Architecture & Design,,0.94,1.0,1.0,3459286,623,3459237,,,250.8,596.2,285.5
ccb_locobench,sourcegraph_full,c_api_graphql_expert_079_cross_file_refactoring_expert_01,passed,0.5252,c,expert,cross_file_refactoring,Implementation (refactoring),,0.915,1.0,1.0,16581839,62373,,16017476,27.750314249999995,3473.5,3819.9,283.0
ccb_locobench,sourcegraph_full,c_api_microservice_expert_080_architectural_understanding_expert_01,passed,0.4565,c,expert,architectural_understanding,Architecture & Design,,0.94,1.0,1.0,1754518,11760,,1669008,2.1720778500000004,349.1,672.6,243.4
ccb_locobench,sourcegraph_full,c_api_microservice_expert_080_cross_file_refactoring_expert_01,passed,0.3289,c,expert,cross_file_refactoring,Implementation (refactoring),,0.915,1.0,1.0,14290230,62092,,14072432,28.876978249999972,2061.6,2379.2,242.7
ccb_locobench,sourcegraph_full,c_blockchain_nft_expert_071_architectural_understanding_expert_01,passed,0.5265,c,expert,architectural_understanding,Architecture & Design,,0.94,1.0,1.0,2634408,491,2634360,,,222.0,566.1,272.8
ccb_locobench,sourcegraph_full,c_blockchain_nft_expert_071_bug_investigation_expert_01,passed,0.4575,c,expert,bug_investigation,Implementation (bug fix),,0.865,1.0,1.0,4838572,378,4838509,,,256.1,589.4,271.6
ccb_locobench,sourcegraph_full,c_blockchain_nft_expert_071_cross_file_refactoring_expert_01,passed,0.4636,c,expert,cross_file_refactoring,Implementation (refactoring),,0.915,1.0,1.0,14412270,37135,,13919107,16.975469750000002,1256.4,1580.3,269.0
ccb_locobench,sourcegraph_full,cpp_web_blog_expert_040_cross_file_refactoring_expert_01,passed,0.4648,cpp,expert,cross_file_refactoring,Implementation (refactoring),,0.9088,0.975,1.0,6276939,648,6276855,,,365.2,693.5,269.4
ccb_locobench,sourcegraph_full,csharp_data_warehouse_expert_012_architectural_understanding_expert_01,passed,0.6484,csharp,expert,architectural_understanding,Architecture & Design,,0.94,1.0,1.0,6572774,518,6572689,,,340.0,857.4,446.1
ccb_locobench,sourcegraph_full,csharp_data_warehouse_expert_012_bug_investigation_expert_01,passed,0.4843,csharp,expert,bug_investigation,Implementation (bug fix),,0.865,1.0,1.0,6439028,723,6438934,,,281.5,832.7,429.9
ccb_locobench,sourcegraph_full,csharp_data_warehouse_expert_012_cross_file_refactoring_expert_01,passed,0.4918,csharp,expert,cross_file_refactoring,Implementation (refactoring),,0.915,1.0,1.0,4825324,20869,,4752727,3.7386257,474.6,1001.8,417.8
ccb_locobench,sourcegraph_full,python_data_streaming_expert_085_architectural_understanding_expert_01,passed,0.4592,python,expert,architectural_understanding,Architecture & Design,,0.94,1.0,1.0,1859184,421,1859147,,,225.4,569.2,257.4
ccb_locobench,sourcegraph_full,python_data_streaming_expert_085_cross_file_refactoring_expert_01,passed,0.4554,python,expert,cross_file_refactoring,Implementation (refactoring),,0.915,1.0,1.0,8832872,524,8832765,,,392.0,695.7,225.6
ccb_locobench,sourcegraph_full,python_desktop_development_expert_021_architectural_understanding_expert_01,passed,0.5631,python,expert,architectural_understanding,Architecture & Design,,0.94,1.0,1.0,10767294,49452,,10518140,8.222407250000002,1259.0,1461.4,109.1
ccb_locobench,sourcegraph_full,python_desktop_development_expert_021_cross_file_refactoring_expert_01,passed,0.5659,python,expert,cross_file_refactoring,Implementation (refactoring),,0.915,1.0,1.0,7913630,31365,,7686990,6.1814822,603.1,816.1,123.5
ccb_locobench,sourcegraph_full,python_game_engine_expert_032_architectural_understanding_expert_01,passed,0.5226,python,expert,architectural_understanding,Architecture & Design,,0.94,1.0,1.0,2340527,601,2340484,,,261.3,435.1,103.8
ccb_locobench,sourcegraph_full,python_game_engine_expert_032_cross_file_refactoring_expert_01,passed,0.6475,python,expert,cross_file_refactoring,Implementation (refactoring),,0.915,1.0,1.0,6834717,16280,,6729893,5.273858750000001,512.8,695.0,104.6
ccb_locobench,sourcegraph_full,rust_api_microservice_expert_008_architectural_understanding_expert_01,passed,0.5147,rust,expert,architectural_understanding,Architecture & Design,,0.94,1.0,1.0,2845978,297,2845935,,,206.6,364.1,77.3
ccb_locobench,sourcegraph_full,rust_api_microservice_expert_008_cross_file_refactoring_expert_01,passed,0.5013,rust,expert,cross_file_refactoring,Implementation (refactoring),,0.915,1.0,1.0,4611100,32887,,4322925,35.753547749999996,2048.3,2201.7,65.7
ccb_locobench,sourcegraph_full,rust_data_streaming_expert_013_architectural_understanding_expert_01,passed,0.5179,rust,expert,architectural_understanding,Architecture & Design,,0.94,1.0,1.0,3854456,247,3854400,,,242.1,397.0,92.3
ccb_locobench,sourcegraph_full,rust_data_streaming_expert_013_cross_file_refactoring_expert_01,passed,0.4723,rust,expert,cross_file_refactoring,Implementation (refactoring),,0.915,1.0,1.0,6587504,496,6587430,,,490.3,681.6,80.2
ccb_locobench,sourcegraph_full,rust_ml_computer_vision_expert_054_cross_file_refactoring_expert_01,passed,0.4652,rust,expert,cross_file_refactoring,Implementation (refactoring),,0.915,1.0,1.0,8242959,574,8242852,,,438.8,1006.4,504.7
ccb_locobench,sourcegraph_full,rust_web_social_expert_073_bug_investigation_expert_01,passed,0.465,rust,expert,bug_investigation,Implementation (bug fix),,0.865,1.0,1.0,5040997,15750,,4760131,17.838006749999998,1637.2,1977.2,210.6
ccb_locobench,sourcegraph_full,rust_web_social_expert_073_cross_file_refactoring_expert_01,passed,0.4749,rust,expert,cross_file_refactoring,Implementation (refactoring),,0.915,1.0,1.0,8919536,508,8919443,,,352.6,631.7,159.1
ccb_locobench,sourcegraph_full,typescript_system_monitoring_expert_061_cross_file_refactoring_expert_01,passed,0.4468,typescript,expert,cross_file_refactoring,Implementation (refactoring),,0.915,1.0,1.0,7323724,26884,,7147520,15.58280875000002,2132.8,3084.7,681.7
ccb_pytorch,baseline,sgt-001,failed,0.0,cpp,medium,cross_module_bug_fix,Implementation (bug fix),pytorch/pytorch,0.5525,0.7,0.15,4054585,785,4018943,,,352.4,1045.9,352.0
ccb_pytorch,baseline,sgt-002,passed,1.0,cpp,medium,cross_module_bug_fix,Implementation (bug fix),pytorch,0.5675,0.7,0.2,5282917,1116,5282915,,,358.6,1052.2,349.4
ccb_pytorch,baseline,sgt-003,failed,0.0,cpp,hard,cross_module_bug_fix,Implementation (bug fix),pytorch,0.5825,0.7,0.25,8371532,1156,8371464,,,357.4,933.6,338.6
ccb_pytorch,baseline,sgt-005,failed,0.0,cpp,medium,feature_implementation,Implementation (feature),pytorch,0.555,0.7,0.2,1452406,369,1452404,,,182.6,879.6,344.7
ccb_pytorch,baseline,sgt-008,passed,1.0,cpp,hard,cross_module_bug_fix,Implementation (bug fix),pytorch,0.8075,0.7,1.0,352089,91,352070,,,59.0,318.7,146.9
ccb_pytorch,baseline,sgt-009,failed,0.0,cpp,medium,cross_module_bug_fix,Implementation (bug fix),pytorch,0.5525,0.7,0.15,3972489,788,3971902,,,236.2,1637.1,723.6
ccb_pytorch,baseline,sgt-010,failed,0.0,cpp,hard,cross_module_bug_fix,Implementation (bug fix),pytorch,0.6125,0.7,0.35,2901638,736,2901162,,,204.3,1568.3,714.3
ccb_pytorch,baseline,sgt-012,passed,1.0,cpp,medium,cross_module_bug_fix,Implementation (bug fix),pytorch,0.5525,0.7,0.15,2386777,558,2386531,,,227.4,486.8,148.6
ccb_pytorch,baseline,sgt-014,failed,0.0,cpp,medium,cross_module_bug_fix,Implementation (bug fix),pytorch,0.5675,0.7,0.2,6149294,1109,6149290,,,369.4,1531.4,562.8
ccb_pytorch,baseline,sgt-016,failed,0.0,cpp,medium,cross_module_bug_fix,Implementation (bug fix),pytorch,0.5525,0.7,0.15,1921669,769,1920721,,,265.7,566.4,2.8
ccb_pytorch,baseline,sgt-021,failed,0.0,cpp,medium,cross_module_bug_fix,Implementation (bug fix),pytorch,0.5675,0.7,0.2,9393321,690,9393317,,,342.6,734.9,1.9
ccb_pytorch,sourcegraph_base,sgt-001,failed,0.0,cpp,medium,cross_module_bug_fix,Implementation (bug fix),pytorch/pytorch,0.5525,0.7,0.15,1607560,355,1554101,,,143.1,500.8,0.9
ccb_pytorch,sourcegraph_base,sgt-002,passed,0.9722,cpp,medium,cross_module_bug_fix,Implementation (bug fix),pytorch,0.5675,0.7,0.2,7372450,1165,7372411,,,382.2,738.8,0.8
ccb_pytorch,sourcegraph_base,sgt-003,failed,0.0,cpp,hard,cross_module_bug_fix,Implementation (bug fix),pytorch,0.5825,0.7,0.25,10386967,1794,10386871,,,490.3,893.4,0.9
ccb_pytorch,sourcegraph_base,sgt-005,failed,0.0,cpp,medium,feature_implementation,Implementation (feature),pytorch,0.555,0.7,0.2,1783844,319,1783842,,,146.2,498.5,1.1
ccb_pytorch,sourcegraph_base,sgt-008,passed,1.0,cpp,hard,cross_module_bug_fix,Implementation (bug fix),pytorch,0.8075,0.7,1.0,2045097,404,2044977,,,127.8,248.5,1.0
ccb_pytorch,sourcegraph_base,sgt-009,failed,0.0,cpp,medium,cross_module_bug_fix,Implementation (bug fix),pytorch,0.5525,0.7,0.15,5234778,800,5234776,,,327.1,803.8,1.1
ccb_pytorch,sourcegraph_base,sgt-010,failed,0.0,cpp,hard,cross_module_bug_fix,Implementation (bug fix),pytorch,0.6125,0.7,0.35,2313189,333,2313185,,,123.8,582.6,1.7
ccb_pytorch,sourcegraph_base,sgt-012,passed,1.0,cpp,medium,cross_module_bug_fix,Implementation (bug fix),pytorch,0.5525,0.7,0.15,1949659,365,1949614,,,140.8,259.9,0.7
ccb_pytorch,sourcegraph_base,sgt-014,failed,0.0,cpp,medium,cross_module_bug_fix,Implementation (bug fix),pytorch,0.5675,0.7,0.2,3976511,693,3976509,,,238.2,677.4,8.1
ccb_pytorch,sourcegraph_base,sgt-016,failed,0.0,cpp,medium,cross_module_bug_fix,Implementation (bug fix),pytorch,0.5525,0.7,0.15,7381314,1215,7381312,,,297.4,663.5,3.2
ccb_pytorch,sourcegraph_base,sgt-021,failed,0.0,cpp,medium,cross_module_bug_fix,Implementation (bug fix),pytorch,0.5675,0.7,0.2,9431058,1278,9431056,,,350.5,632.9,2.8
ccb_pytorch,sourcegraph_full,sgt-001,failed,0.0,cpp,medium,cross_module_bug_fix,Implementation (bug fix),pytorch/pytorch,0.5525,0.7,0.15,6541374,653,6541265,,,607.2,2957.0,7.2
ccb_pytorch,sourcegraph_full,sgt-002,passed,0.9108,cpp,medium,cross_module_bug_fix,Implementation (bug fix),pytorch,0.5675,0.7,0.2,3937829,526,3937756,,,786.8,3145.2,6.2
ccb_pytorch,sourcegraph_full,sgt-003,failed,0.0,cpp,hard,cross_module_bug_fix,Implementation (bug fix),pytorch,0.5825,0.7,0.25,7838453,969,7838307,,,654.1,3001.5,3.8
ccb_pytorch,sourcegraph_full,sgt-005,failed,0.0,cpp,medium,feature_implementation,Implementation (feature),pytorch,0.555,0.7,0.2,3141497,399,3139543,,,470.6,2824.6,2.6
ccb_pytorch,sourcegraph_full,sgt-008,passed,1.0,cpp,hard,cross_module_bug_fix,Implementation (bug fix),pytorch,0.8075,0.7,1.0,2191501,117,2188620,,,417.6,2754.3,4.8
ccb_pytorch,sourcegraph_full,sgt-009,failed,0.0,cpp,medium,cross_module_bug_fix,Implementation (bug fix),pytorch,0.5525,0.7,0.15,18802453,1388,18802269,,,1764.1,4173.3,6.4
ccb_pytorch,sourcegraph_full,sgt-010,failed,0.0,cpp,hard,cross_module_bug_fix,Implementation (bug fix),pytorch,0.6125,0.7,0.35,2517367,621,2517306,,,426.9,2758.1,6.5
ccb_pytorch,sourcegraph_full,sgt-012,passed,1.0,cpp,medium,cross_module_bug_fix,Implementation (bug fix),pytorch,0.5525,0.7,0.15,3561680,655,3561608,,,296.5,3766.8,1556.8
ccb_pytorch,sourcegraph_full,sgt-014,failed,0.0,cpp,medium,cross_module_bug_fix,Implementation (bug fix),pytorch,0.5675,0.7,0.2,5194858,760,5194760,,,615.1,2266.5,6.5
ccb_pytorch,sourcegraph_full,sgt-016,failed,0.0,cpp,medium,cross_module_bug_fix,Implementation (bug fix),pytorch,0.5525,0.7,0.15,13716752,1627,13716590,,,974.9,2736.7,6.5
ccb_pytorch,sourcegraph_full,sgt-021,failed,0.0,cpp,medium,cross_module_bug_fix,Implementation (bug fix),pytorch,0.5675,0.7,0.2,4176613,491,4176544,,,526.1,2111.4,4.8
ccb_repoqa,baseline,repoqa-cpp-apache-logging-log4cxx-03,passed,1.0,cpp,hard,semantic-code-navigation,Requirements & Discovery,apache/logging-log4cxx,0.85,0.8,0.6,160574,79,160572,,,36.3,120.6,7.4
ccb_repoqa,baseline,repoqa-cpp-skypjack-uvw-00,passed,1.0,cpp,hard,semantic-code-navigation,Requirements & Discovery,skypjack/uvw,0.85,0.8,0.6,187681,80,187679,,,33.2,123.8,42.0
ccb_repoqa,baseline,repoqa-java-google-gson-03,passed,1.0,java,hard,semantic-code-navigation,Requirements & Discovery,google/gson,0.85,0.8,0.6,198989,80,198987,,,32.6,141.3,37.9
ccb_repoqa,baseline,repoqa-java-square-retrofit-04,passed,1.0,java,hard,semantic-code-navigation,Requirements & Discovery,square/retrofit,0.85,0.8,0.6,118608,1277,,111181,0.17529295000000003,59.0,200.9,60.1
ccb_repoqa,baseline,repoqa-python-psf-black-01,passed,1.0,python,hard,semantic-code-navigation,Requirements & Discovery,psf/black,0.85,0.8,0.6,229640,102,229638,,,51.6,246.5,109.4
ccb_repoqa,baseline,repoqa-python-python-poetry-poetry-08,passed,1.0,python,hard,semantic-code-navigation,Requirements & Discovery,python-poetry/poetry,0.85,0.8,0.6,168847,103,168845,,,31.3,172.8,60.0
ccb_repoqa,baseline,repoqa-rust-helix-editor-helix-03,passed,1.0,rust,hard,semantic-code-navigation,Requirements & Discovery,helix-editor/helix,0.85,0.8,0.6,109632,1251,,105234,0.15439255,54.1,182.8,47.0
ccb_repoqa,baseline,repoqa-rust-rust-bakery-nom-06,passed,1.0,rust,hard,semantic-code-navigation,Requirements & Discovery,rust-bakery/nom,0.85,0.8,0.6,107381,1120,,103590,0.140507,46.9,144.6,31.6
ccb_repoqa,baseline,repoqa-typescript-expressjs-express-07,passed,1.0,typescript,hard,semantic-code-navigation,Requirements & Discovery,expressjs/express,0.85,0.8,0.6,268795,104,268793,,,50.0,152.8,27.5
ccb_repoqa,baseline,repoqa-typescript-xenova-transformers.js-08,passed,1.0,typescript,hard,semantic-code-navigation,Requirements & Discovery,xenova/transformers.js,0.85,0.8,0.6,274416,130,274414,,,44.3,165.0,53.2
ccb_repoqa,sourcegraph_base,repoqa-cpp-apache-logging-log4cxx-03,passed,1.0,cpp,hard,semantic-code-navigation,Requirements & Discovery,apache/logging-log4cxx,0.85,0.8,0.6,750964,105,750962,,,58.4,167.7,3.9
ccb_repoqa,sourcegraph_base,repoqa-cpp-skypjack-uvw-00,passed,1.0,cpp,hard,semantic-code-navigation,Requirements & Discovery,skypjack/uvw,0.85,0.8,0.6,539324,90,539322,,,47.8,112.9,2.0
ccb_repoqa,sourcegraph_base,repoqa-java-google-gson-03,passed,1.0,java,hard,semantic-code-navigation,Requirements & Discovery,google/gson,0.85,0.8,0.6,286165,67,286163,,,50.4,143.7,7.7
ccb_repoqa,sourcegraph_base,repoqa-java-square-retrofit-04,passed,1.0,java,hard,semantic-code-navigation,Requirements & Discovery,square/retrofit,0.85,0.8,0.6,349800,70,349798,,,41.5,99.3,6.4
ccb_repoqa,sourcegraph_base,repoqa-python-psf-black-01,passed,1.0,python,hard,semantic-code-navigation,Requirements & Discovery,psf/black,0.85,0.8,0.6,365811,63,365809,,,41.0,106.3,5.7
ccb_repoqa,sourcegraph_base,repoqa-python-python-poetry-poetry-08,passed,1.0,python,hard,semantic-code-navigation,Requirements & Discovery,python-poetry/poetry,0.85,0.8,0.6,310921,81,310919,,,35.3,110.7,2.7
ccb_repoqa,sourcegraph_base,repoqa-rust-helix-editor-helix-03,passed,1.0,rust,hard,semantic-code-navigation,Requirements & Discovery,helix-editor/helix,0.85,0.8,0.6,680480,81,680478,,,56.1,141.7,3.8
ccb_repoqa,sourcegraph_base,repoqa-rust-rust-bakery-nom-06,passed,1.0,rust,hard,semantic-code-navigation,Requirements & Discovery,rust-bakery/nom,0.85,0.8,0.6,450735,150,450731,,,41.6,100.1,3.1
ccb_repoqa,sourcegraph_base,repoqa-typescript-expressjs-express-07,passed,1.0,typescript,hard,semantic-code-navigation,Requirements & Discovery,expressjs/express,0.85,0.8,0.6,522344,128,522340,,,60.9,158.9,14.7
ccb_repoqa,sourcegraph_base,repoqa-typescript-xenova-transformers.js-08,passed,1.0,typescript,hard,semantic-code-navigation,Requirements & Discovery,xenova/transformers.js,0.85,0.8,0.6,341709,63,341707,,,38.0,110.5,2.9
ccb_repoqa,sourcegraph_full,repoqa-cpp-apache-logging-log4cxx-03,passed,1.0,cpp,hard,semantic-code-navigation,Requirements & Discovery,apache/logging-log4cxx,0.85,0.8,0.6,592884,24,592864,,,49.7,374.0,184.2
ccb_repoqa,sourcegraph_full,repoqa-cpp-skypjack-uvw-00,passed,1.0,cpp,hard,semantic-code-navigation,Requirements & Discovery,skypjack/uvw,0.85,0.8,0.6,441551,111,441532,,,39.0,71.0,0.7
ccb_repoqa,sourcegraph_full,repoqa-java-google-gson-03,passed,1.0,java,hard,semantic-code-navigation,Requirements & Discovery,google/gson,0.85,0.8,0.6,215877,11,215866,,,29.8,355.4,181.8
ccb_repoqa,sourcegraph_full,repoqa-java-square-retrofit-04,passed,1.0,java,hard,semantic-code-navigation,Requirements & Discovery,square/retrofit,0.85,0.8,0.6,298220,13,298207,,,25.3,367.3,169.8
ccb_repoqa,sourcegraph_full,repoqa-python-psf-black-01,passed,1.0,python,hard,semantic-code-navigation,Requirements & Discovery,psf/black,0.85,0.8,0.6,217102,11,217091,,,25.8,341.6,178.2
ccb_repoqa,sourcegraph_full,repoqa-python-python-poetry-poetry-08,passed,1.0,python,hard,semantic-code-navigation,Requirements & Discovery,python-poetry/poetry,0.85,0.8,0.6,379627,64,379612,,,32.2,395.1,175.2
ccb_repoqa,sourcegraph_full,repoqa-rust-helix-editor-helix-03,passed,1.0,rust,hard,semantic-code-navigation,Requirements & Discovery,helix-editor/helix,0.85,0.8,0.6,487986,66,487969,,,40.6,398.4,172.3
ccb_repoqa,sourcegraph_full,repoqa-rust-rust-bakery-nom-06,passed,1.0,rust,hard,semantic-code-navigation,Requirements & Discovery,rust-bakery/nom,0.85,0.8,0.6,274171,13,274158,,,31.5,313.9,163.7
ccb_repoqa,sourcegraph_full,repoqa-typescript-expressjs-express-07,passed,1.0,typescript,hard,semantic-code-navigation,Requirements & Discovery,expressjs/express,0.85,0.8,0.6,284555,69,284542,,,28.9,116.0,37.4
ccb_repoqa,sourcegraph_full,repoqa-typescript-xenova-transformers.js-08,passed,1.0,typescript,hard,semantic-code-navigation,Requirements & Discovery,xenova/transformers.js,0.85,0.8,0.6,214905,11,214894,,,22.9,333.4,169.2
ccb_swebenchpro,baseline,instance_ansible__ansible-379058e10f3dbc0fdcaf80394bd09b18927e7d33-v1055803c3a812189a1133297f7f5468579283f86,failed,0.0,python,hard,ccb_swebenchpro,Implementation (bug fix),ansible/ansible,0.6225,0.6,0.55,7442619,1232,7442617,,,334.7,401.6,14.0
ccb_swebenchpro,baseline,instance_ansible__ansible-4c5ce5a1a9e79a845aff4978cfeb72a0d4ecf7d6-v1055803c3a812189a1133297f7f5468579283f86,failed,0.0,python,hard,ccb_swebenchpro,Implementation (bug fix),ansible/ansible,0.6375,0.6,0.6,5594158,546,5594156,,,302.3,380.9,32.0
ccb_swebenchpro,baseline,instance_ansible__ansible-811093f0225caa4dd33890933150a81c6a6d5226-v1055803c3a812189a1133297f7f5468579283f86,failed,0.0,python,hard,ccb_swebenchpro,Implementation (bug fix),ansible/ansible,0.6075,0.6,0.5,36960961,1792,36960840,,,1439.7,1509.3,12.4
ccb_swebenchpro,baseline,instance_ansible__ansible-b2a289dcbb702003377221e25f62c8a3608f0e89-v173091e2e36d38c978002990795f66cfc0af30ad,passed,1.0,python,hard,ccb_swebenchpro,Implementation (bug fix),ansible/ansible,0.5925,0.6,0.45,5566280,950,5566278,,,344.1,444.7,49.9
ccb_swebenchpro,baseline,instance_ansible__ansible-e40889e7112ae00a21a2c74312b330e67a766cc0-v1055803c3a812189a1133297f7f5468579283f86,failed,0.0,python,hard,ccb_swebenchpro,Implementation (bug fix),ansible/ansible,0.6075,0.6,0.5,4450273,622,4450271,,,263.0,386.3,5.4
ccb_swebenchpro,baseline,instance_element-hq__element-web-cf3c899dd1f221aa1a1f4c5a80dffc05b9c21c85-vnan,passed,1.0,typescript,hard,ccb_swebenchpro,Implementation (bug fix),element-hq/element-web,0.6225,0.6,0.55,2834372,12859,,2771653,2.1750022500000004,2385.0,2622.7,47.0
ccb_swebenchpro,baseline,instance_element-hq__element-web-f14374a51c153f64f313243f2df6ea4971db4e15,passed,1.0,typescript,hard,ccb_swebenchpro,Implementation (bug fix),element-hq/element-web,0.7125,0.6,0.85,226303,41,226301,,,105.2,405.1,73.4
ccb_swebenchpro,baseline,instance_flipt-io__flipt-3d5a345f94c2adc8a0eaa102c189c08ad4c0f8e8,passed,1.0,go,hard,ccb_swebenchpro,Implementation (bug fix),flipt-io/flipt,0.6975,0.6,0.8,6253103,772,6247360,,,666.5,1297.5,91.3
ccb_swebenchpro,baseline,instance_flipt-io__flipt-9f8127f225a86245fa35dca4885c2daef824ee55,passed,1.0,go,hard,ccb_swebenchpro,Implementation (bug fix),flipt-io/flipt,0.7125,0.6,0.85,8379047,1290,8379045,,,725.5,981.9,16.5
ccb_swebenchpro,baseline,instance_flipt-io__flipt-b433bd05ce405837804693bebd5f4b88d87133c8,passed,1.0,go,hard,ccb_swebenchpro,Implementation (bug fix),flipt-io/flipt,0.7575,0.6,1.0,1062790,353,1062786,,,198.9,496.3,26.0
ccb_swebenchpro,baseline,instance_flipt-io__flipt-c188284ff0c094a4ee281afebebd849555ebee59,passed,1.0,go,hard,ccb_swebenchpro,Implementation (bug fix),flipt-io/flipt,0.6825,0.6,0.75,8378554,1138,8378552,,,1043.7,1731.9,144.3
ccb_swebenchpro,baseline,instance_future-architect__vuls-139f3a81b66c47e6d8f70ce6c4afe7a9196a6ea8,failed,0.0,go,hard,ccb_swebenchpro,Implementation (bug fix),future-architect/vuls,0.5925,0.6,0.45,128936,1013,,121725,0.20098039999999998,45.8,383.6,64.6
ccb_swebenchpro,baseline,instance_future-architect__vuls-4c04acbd9ea5b073efe999e33381fa9f399d6f27,passed,1.0,go,hard,ccb_swebenchpro,Implementation (bug fix),future-architect/vuls,0.6075,0.6,0.5,1500338,215,1500336,,,298.0,556.2,6.0
ccb_swebenchpro,baseline,instance_future-architect__vuls-d18e7a751d07260d75ce3ba0cd67c4a6aebfd967,errored,0.0,go,hard,ccb_swebenchpro,Implementation (bug fix),future-architect/vuls,0.6225,0.6,0.55,0,0,0,,,2.3,262.2,50.4
ccb_swebenchpro,baseline,instance_gravitational__teleport-0415e422f12454db0c22316cf3eaa5088d6b6322,passed,1.0,go,hard,ccb_swebenchpro,Implementation (bug fix),gravitational/teleport,0.5925,0.6,0.45,1837470,195,1837468,,,340.7,780.1,110.5
ccb_swebenchpro,baseline,instance_gravitational__teleport-3587cca7840f636489449113969a5066025dd5bf,errored,0.0,go,hard,ccb_swebenchpro,Implementation (bug fix),gravitational/teleport,0.6825,0.6,0.75,0,0,0,,,3.6,303.6,93.3
ccb_swebenchpro,baseline,instance_gravitational__teleport-7744f72c6eb631791434b648ba41083b5f6d2278-vce94f93ad1030e3136852817f2423c1b3ac37bc4,errored,0.0,go,hard,ccb_swebenchpro,Implementation (bug fix),gravitational/teleport,0.6225,0.6,0.55,0,0,0,,,4.0,166.0,120.1
ccb_swebenchpro,baseline,instance_gravitational__teleport-8302d467d160f869b77184e262adbe2fbc95d9ba-vce94f93ad1030e3136852817f2423c1b3ac37bc4,errored,0.0,go,hard,ccb_swebenchpro,Implementation (bug fix),gravitational/teleport,0.6075,0.6,0.5,0,0,0,,,5.3,144.6,91.5
ccb_swebenchpro,baseline,instance_navidrome__navidrome-9c3b4561652a15846993d477003e111f0df0c585,passed,1.0,go,hard,ccb_swebenchpro,Implementation (bug fix),navidrome/navidrome,0.6975,0.6,0.8,314591,105,314589,,,114.4,599.2,70.8
ccb_swebenchpro,baseline,instance_navidrome__navidrome-d0dceae0943b8df16e579c2d9437e11760a0626a,passed,1.0,go,hard,ccb_swebenchpro,Implementation (bug fix),navidrome/navidrome,0.6675,0.6,0.7,5692638,633,5692636,,,491.0,1072.3,61.5
ccb_swebenchpro,baseline,instance_nodebb__nodebb-76c6e30282906ac664f2c9278fc90999b27b1f48-vd59a5728dfc977f44533186ace531248c2917516,passed,1.0,javascript,hard,ccb_swebenchpro,Implementation (bug fix),NodeBB/NodeBB,0.7575,0.6,1.0,855677,166,854799,,,107.4,309.4,2.5
ccb_swebenchpro,baseline,instance_nodebb__nodebb-eb49a64974ca844bca061744fb3383f5d13b02ad-vnan,passed,1.0,javascript,hard,ccb_swebenchpro,Implementation (bug fix),NodeBB/NodeBB,0.6675,0.6,0.7,3026373,8974,,2964516,2.362650699999999,285.5,439.5,1.1
ccb_swebenchpro,baseline,instance_nodebb__nodebb-f1a80d48cc45877fcbadf34c2345dd9709722c7f-v4fbcfae8b15e4ce5d132c408bca69ebb9cf146ed,passed,1.0,javascript,hard,ccb_swebenchpro,Implementation (bug fix),NodeBB/NodeBB,0.6675,0.6,0.7,518493,171,518468,,,78.9,371.3,0.8
ccb_swebenchpro,baseline,instance_protonmail__webclients-369fd37de29c14c690cb3b1c09a949189734026f,errored,0.0,typescript,hard,ccb_swebenchpro,Implementation (bug fix),protonmail/webclients,0.7575,0.6,1.0,,,,,,0.8,644.9,0.8
ccb_swebenchpro,baseline,instance_protonmail__webclients-8be4f6cb9380fcd2e67bcb18cef931ae0d4b869c,errored,0.0,typescript,hard,ccb_swebenchpro,Implementation (bug fix),protonmail/webclients,0.7575,0.6,1.0,,,,,,0.8,696.8,0.7
ccb_swebenchpro,baseline,instance_protonmail__webclients-c6f65d205c401350a226bb005f42fac1754b0b5b,errored,0.0,typescript,hard,ccb_swebenchpro,Implementation (bug fix),protonmail/webclients,0.7575,0.6,1.0,,,,,,0.8,835.5,1.1
ccb_swebenchpro,baseline,instance_protonmail__webclients-caf10ba9ab2677761c88522d1ba8ad025779c492,errored,0.0,typescript,hard,ccb_swebenchpro,Implementation (bug fix),protonmail/webclients,0.7575,0.6,1.0,,,,,,0.8,961.7,0.8
ccb_swebenchpro,baseline,instance_qutebrowser__qutebrowser-233cb1cc48635130e5602549856a6fa4ab4c087f-v35616345bb8052ea303186706cec663146f0f184,errored,0.0,python,hard,ccb_swebenchpro,Implementation (bug fix),qutebrowser/qutebrowser,0.5625,0.6,0.35,0,0,0,,,2.4,76.2,30.3
ccb_swebenchpro,baseline,instance_qutebrowser__qutebrowser-394bfaed6544c952c6b3463751abab3176ad4997-vafb3e8e01b31319c66c4e666b8a3b1d8ba55db24,errored,0.0,python,hard,ccb_swebenchpro,Implementation (bug fix),qutebrowser/qutebrowser,0.5475,0.6,0.3,0,0,0,,,2.4,86.7,41.7
ccb_swebenchpro,baseline,instance_qutebrowser__qutebrowser-3fd8e12949b8feda401930574facf09dd4180bba,errored,0.0,python,hard,ccb_swebenchpro,Implementation (bug fix),qutebrowser/qutebrowser,0.5475,0.6,0.3,0,0,0,,,2.4,71.1,31.8
ccb_swebenchpro,baseline,instance_qutebrowser__qutebrowser-e5340c449f23608803c286da0563b62f58ba25b0-v059c6fdc75567943479b23ebca7c07b5e9a7f34c,passed,1.0,python,hard,ccb_swebenchpro,Implementation (bug fix),qutebrowser/qutebrowser,0.5625,0.6,0.35,1166957,363,1166955,,,122.9,207.6,44.4
ccb_swebenchpro,baseline,instance_tutao__tutanota-f373ac3808deefce8183dad8d16729839cc330c1-v2939aa9f4356f0dc9f523ee5ce19d09e08ab979b,errored,0.0,typescript,hard,ccb_swebenchpro,Implementation (bug fix),tutao/tutanota,0.5925,0.6,0.45,0,0,0,,,4.0,331.6,67.2
ccb_swebenchpro,sourcegraph_base,instance_ansible__ansible-379058e10f3dbc0fdcaf80394bd09b18927e7d33-v1055803c3a812189a1133297f7f5468579283f86,failed,0.0,python,hard,ccb_swebenchpro,Implementation (bug fix),ansible/ansible,0.6225,0.6,0.55,8627328,1075,8627324,,,270.8,340.5,1.1
ccb_swebenchpro,sourcegraph_base,instance_ansible__ansible-4c5ce5a1a9e79a845aff4978cfeb72a0d4ecf7d6-v1055803c3a812189a1133297f7f5468579283f86,failed,0.0,python,hard,ccb_swebenchpro,Implementation (bug fix),ansible/ansible,0.6375,0.6,0.6,4305074,658,4305072,,,238.1,306.2,0.9
ccb_swebenchpro,sourcegraph_base,instance_ansible__ansible-811093f0225caa4dd33890933150a81c6a6d5226-v1055803c3a812189a1133297f7f5468579283f86,failed,0.0,python,hard,ccb_swebenchpro,Implementation (bug fix),ansible/ansible,0.6075,0.6,0.5,70202367,3545,70201782,,,4208.9,4306.5,2.7
ccb_swebenchpro,sourcegraph_base,instance_ansible__ansible-b2a289dcbb702003377221e25f62c8a3608f0e89-v173091e2e36d38c978002990795f66cfc0af30ad,passed,1.0,python,hard,ccb_swebenchpro,Implementation (bug fix),ansible/ansible,0.5925,0.6,0.45,3976030,508,3976028,,,168.5,223.1,0.7
ccb_swebenchpro,sourcegraph_base,instance_ansible__ansible-e40889e7112ae00a21a2c74312b330e67a766cc0-v1055803c3a812189a1133297f7f5468579283f86,failed,0.0,python,hard,ccb_swebenchpro,Implementation (bug fix),ansible/ansible,0.6075,0.6,0.5,14076452,1125,14076450,,,555.6,620.4,0.8
ccb_swebenchpro,sourcegraph_base,instance_element-hq__element-web-cf3c899dd1f221aa1a1f4c5a80dffc05b9c21c85-vnan,passed,1.0,typescript,hard,ccb_swebenchpro,Implementation (bug fix),element-hq/element-web,0.6225,0.6,0.55,6937311,1011,6937309,,,1934.2,2286.9,0.9
ccb_swebenchpro,sourcegraph_base,instance_element-hq__element-web-f14374a51c153f64f313243f2df6ea4971db4e15,errored,0.0,typescript,hard,ccb_swebenchpro,Implementation (bug fix),element-hq/element-web,0.7125,0.6,0.85,0,0,0,,,3.5,152.6,2.2
ccb_swebenchpro,sourcegraph_base,instance_flipt-io__flipt-3d5a345f94c2adc8a0eaa102c189c08ad4c0f8e8,passed,1.0,go,hard,ccb_swebenchpro,Implementation (bug fix),flipt-io/flipt,0.6975,0.6,0.8,5749148,501,5749146,,,539.7,1117.0,3.0
ccb_swebenchpro,sourcegraph_base,instance_flipt-io__flipt-9f8127f225a86245fa35dca4885c2daef824ee55,passed,1.0,go,hard,ccb_swebenchpro,Implementation (bug fix),flipt-io/flipt,0.7125,0.6,0.85,13949962,1327,13949960,,,740.9,986.7,6.7
ccb_swebenchpro,sourcegraph_base,instance_flipt-io__flipt-b433bd05ce405837804693bebd5f4b88d87133c8,passed,1.0,go,hard,ccb_swebenchpro,Implementation (bug fix),flipt-io/flipt,0.7575,0.6,1.0,6455364,533,6455362,,,344.2,598.7,0.6
ccb_swebenchpro,sourcegraph_base,instance_flipt-io__flipt-c188284ff0c094a4ee281afebebd849555ebee59,passed,1.0,go,hard,ccb_swebenchpro,Implementation (bug fix),flipt-io/flipt,0.6825,0.6,0.75,10438596,1144,10438594,,,853.7,1389.0,0.9
ccb_swebenchpro,sourcegraph_base,instance_future-architect__vuls-139f3a81b66c47e6d8f70ce6c4afe7a9196a6ea8,passed,1.0,go,hard,ccb_swebenchpro,Implementation (bug fix),future-architect/vuls,0.5925,0.6,0.45,11780615,962,11780613,,,1343.8,1698.7,0.6
ccb_swebenchpro,sourcegraph_base,instance_future-architect__vuls-4c04acbd9ea5b073efe999e33381fa9f399d6f27,errored,0.0,go,hard,ccb_swebenchpro,Implementation (bug fix),future-architect/vuls,0.6075,0.6,0.5,0,0,0,,,3.1,309.9,79.7
ccb_swebenchpro,sourcegraph_base,instance_future-architect__vuls-d18e7a751d07260d75ce3ba0cd67c4a6aebfd967,errored,0.0,go,hard,ccb_swebenchpro,Implementation (bug fix),future-architect/vuls,0.6225,0.6,0.55,0,0,0,,,3.1,229.0,1.9
ccb_swebenchpro,sourcegraph_base,instance_gravitational__teleport-0415e422f12454db0c22316cf3eaa5088d6b6322,errored,0.0,go,hard,ccb_swebenchpro,Implementation (bug fix),gravitational/teleport,0.5925,0.6,0.45,0,0,0,,,8.3,365.4,60.7
ccb_swebenchpro,sourcegraph_base,instance_gravitational__teleport-3587cca7840f636489449113969a5066025dd5bf,errored,0.0,go,hard,ccb_swebenchpro,Implementation (bug fix),gravitational/teleport,0.6825,0.6,0.75,0,0,0,,,7.0,245.1,1.8
ccb_swebenchpro,sourcegraph_base,instance_gravitational__teleport-7744f72c6eb631791434b648ba41083b5f6d2278-vce94f93ad1030e3136852817f2423c1b3ac37bc4,errored,0.0,go,hard,ccb_swebenchpro,Implementation (bug fix),gravitational/teleport,0.6225,0.6,0.55,0,0,0,,,6.6,67.7,1.4
ccb_swebenchpro,sourcegraph_base,instance_gravitational__teleport-8302d467d160f869b77184e262adbe2fbc95d9ba-vce94f93ad1030e3136852817f2423c1b3ac37bc4,failed,0.0,go,hard,ccb_swebenchpro,Implementation (bug fix),gravitational/teleport,0.6075,0.6,0.5,2175367,338,2175365,,,246.4,288.0,0.8
ccb_swebenchpro,sourcegraph_base,instance_navidrome__navidrome-9c3b4561652a15846993d477003e111f0df0c585,passed,1.0,go,hard,ccb_swebenchpro,Implementation (bug fix),navidrome/navidrome,0.6975,0.6,0.8,435558,75,435556,,,118.2,624.5,0.8
ccb_swebenchpro,sourcegraph_base,instance_navidrome__navidrome-d0dceae0943b8df16e579c2d9437e11760a0626a,passed,1.0,go,hard,ccb_swebenchpro,Implementation (bug fix),navidrome/navidrome,0.6675,0.6,0.7,6840923,641,6840921,,,492.8,1292.2,0.9
ccb_swebenchpro,sourcegraph_base,instance_nodebb__nodebb-76c6e30282906ac664f2c9278fc90999b27b1f48-vd59a5728dfc977f44533186ace531248c2917516,failed,0.0,javascript,hard,ccb_swebenchpro,Implementation (bug fix),NodeBB/NodeBB,0.7575,0.6,1.0,6399854,461,6399850,,,467.5,524.6,0.7
ccb_swebenchpro,sourcegraph_base,instance_nodebb__nodebb-eb49a64974ca844bca061744fb3383f5d13b02ad-vnan,errored,0.0,javascript,hard,ccb_swebenchpro,Implementation (bug fix),NodeBB/NodeBB,0.6675,0.6,0.7,0,0,0,,,7.7,341.1,1.0
ccb_swebenchpro,sourcegraph_base,instance_nodebb__nodebb-f1a80d48cc45877fcbadf34c2345dd9709722c7f-v4fbcfae8b15e4ce5d132c408bca69ebb9cf146ed,failed,0.0,javascript,hard,ccb_swebenchpro,Implementation (bug fix),NodeBB/NodeBB,0.6675,0.6,0.7,38127090,3287,38126926,,,1465.4,1511.7,0.8
ccb_swebenchpro,sourcegraph_base,instance_protonmail__webclients-369fd37de29c14c690cb3b1c09a949189734026f,errored,0.0,typescript,hard,ccb_swebenchpro,Implementation (bug fix),protonmail/webclients,0.7575,0.6,1.0,,,,,,0.9,856.4,0.8
ccb_swebenchpro,sourcegraph_base,instance_protonmail__webclients-8be4f6cb9380fcd2e67bcb18cef931ae0d4b869c,errored,0.0,typescript,hard,ccb_swebenchpro,Implementation (bug fix),protonmail/webclients,0.7575,0.6,1.0,,,,,,0.8,848.9,2.5
ccb_swebenchpro,sourcegraph_base,instance_protonmail__webclients-c6f65d205c401350a226bb005f42fac1754b0b5b,errored,0.0,typescript,hard,ccb_swebenchpro,Implementation (bug fix),protonmail/webclients,0.7575,0.6,1.0,,,,,,0.9,994.5,1.7
ccb_swebenchpro,sourcegraph_base,instance_protonmail__webclients-caf10ba9ab2677761c88522d1ba8ad025779c492,errored,0.0,typescript,hard,ccb_swebenchpro,Implementation (bug fix),protonmail/webclients,0.7575,0.6,1.0,,,,,,0.8,1044.4,0.7
ccb_swebenchpro,sourcegraph_base,instance_qutebrowser__qutebrowser-233cb1cc48635130e5602549856a6fa4ab4c087f-v35616345bb8052ea303186706cec663146f0f184,passed,1.0,python,hard,ccb_swebenchpro,Implementation (bug fix),qutebrowser/qutebrowser,0.5625,0.6,0.35,6650302,393,6650300,,,276.6,371.1,2.5
ccb_swebenchpro,sourcegraph_base,instance_qutebrowser__qutebrowser-394bfaed6544c952c6b3463751abab3176ad4997-vafb3e8e01b31319c66c4e666b8a3b1d8ba55db24,errored,0.0,python,hard,ccb_swebenchpro,Implementation (bug fix),qutebrowser/qutebrowser,0.5475,0.6,0.3,0,0,0,,,2.9,45.5,1.1
ccb_swebenchpro,sourcegraph_base,instance_qutebrowser__qutebrowser-3fd8e12949b8feda401930574facf09dd4180bba,errored,0.0,python,hard,ccb_swebenchpro,Implementation (bug fix),qutebrowser/qutebrowser,0.5475,0.6,0.3,0,0,0,,,2.8,42.3,0.9
ccb_swebenchpro,sourcegraph_base,instance_qutebrowser__qutebrowser-e5340c449f23608803c286da0563b62f58ba25b0-v059c6fdc75567943479b23ebca7c07b5e9a7f34c,errored,0.0,python,hard,ccb_swebenchpro,Implementation (bug fix),qutebrowser/qutebrowser,0.5625,0.6,0.35,0,0,0,,,3.7,70.9,31.9
ccb_swebenchpro,sourcegraph_base,instance_tutao__tutanota-f373ac3808deefce8183dad8d16729839cc330c1-v2939aa9f4356f0dc9f523ee5ce19d09e08ab979b,errored,0.0,typescript,hard,ccb_swebenchpro,Implementation (bug fix),tutao/tutanota,0.5925,0.6,0.45,0,0,0,,,3.2,272.7,1.0
ccb_swebenchpro,sourcegraph_full,instance_ansible__ansible-379058e10f3dbc0fdcaf80394bd09b18927e7d33-v1055803c3a812189a1133297f7f5468579283f86,failed,0.0,python,hard,ccb_swebenchpro,Implementation (bug fix),ansible/ansible,0.6225,0.6,0.55,5512222,571,5512127,,,224.9,1111.2,78.6
ccb_swebenchpro,sourcegraph_full,instance_ansible__ansible-4c5ce5a1a9e79a845aff4978cfeb72a0d4ecf7d6-v1055803c3a812189a1133297f7f5468579283f86,failed,0.0,python,hard,ccb_swebenchpro,Implementation (bug fix),ansible/ansible,0.6375,0.6,0.6,4778153,372,4778074,,,333.6,2160.8,966.0
ccb_swebenchpro,sourcegraph_full,instance_ansible__ansible-811093f0225caa4dd33890933150a81c6a6d5226-v1055803c3a812189a1133297f7f5468579283f86,failed,0.0,python,hard,ccb_swebenchpro,Implementation (bug fix),ansible/ansible,0.6075,0.6,0.5,3612481,364,3612422,,,342.0,2335.0,1017.5
ccb_swebenchpro,sourcegraph_full,instance_ansible__ansible-b2a289dcbb702003377221e25f62c8a3608f0e89-v173091e2e36d38c978002990795f66cfc0af30ad,passed,1.0,python,hard,ccb_swebenchpro,Implementation (bug fix),ansible/ansible,0.5925,0.6,0.45,1841044,262,1840996,,,106.7,153.9,0.7
ccb_swebenchpro,sourcegraph_full,instance_ansible__ansible-e40889e7112ae00a21a2c74312b330e67a766cc0-v1055803c3a812189a1133297f7f5468579283f86,failed,0.0,python,hard,ccb_swebenchpro,Implementation (bug fix),ansible/ansible,0.6075,0.6,0.5,5021628,413,5021547,,,566.9,2442.8,859.8
ccb_swebenchpro,sourcegraph_full,instance_element-hq__element-web-cf3c899dd1f221aa1a1f4c5a80dffc05b9c21c85-vnan,passed,1.0,typescript,hard,ccb_swebenchpro,Implementation (bug fix),element-hq/element-web,0.6225,0.6,0.55,5916518,582,5916430,,,415.0,4628.1,884.2
ccb_swebenchpro,sourcegraph_full,instance_element-hq__element-web-f14374a51c153f64f313243f2df6ea4971db4e15,passed,1.0,typescript,hard,ccb_swebenchpro,Implementation (bug fix),element-hq/element-web,0.7125,0.6,0.85,563398,49,563378,,,93.2,3071.4,465.6
ccb_swebenchpro,sourcegraph_full,instance_flipt-io__flipt-3d5a345f94c2adc8a0eaa102c189c08ad4c0f8e8,passed,1.0,go,hard,ccb_swebenchpro,Implementation (bug fix),flipt-io/flipt,0.6975,0.6,0.8,5678117,676,5677887,,,734.0,1819.9,338.0
ccb_swebenchpro,sourcegraph_full,instance_flipt-io__flipt-9f8127f225a86245fa35dca4885c2daef824ee55,passed,1.0,go,hard,ccb_swebenchpro,Implementation (bug fix),flipt-io/flipt,0.7125,0.6,0.85,11028238,1186,11028092,,,806.1,1457.1,252.9
ccb_swebenchpro,sourcegraph_full,instance_flipt-io__flipt-b433bd05ce405837804693bebd5f4b88d87133c8,passed,1.0,go,hard,ccb_swebenchpro,Implementation (bug fix),flipt-io/flipt,0.7575,0.6,1.0,8776466,701,8765187,,,640.4,1269.3,208.9
ccb_swebenchpro,sourcegraph_full,instance_flipt-io__flipt-c188284ff0c094a4ee281afebebd849555ebee59,passed,1.0,go,hard,ccb_swebenchpro,Implementation (bug fix),flipt-io/flipt,0.6825,0.6,0.75,6201384,797,6201286,,,892.6,2470.5,515.1
ccb_swebenchpro,sourcegraph_full,instance_future-architect__vuls-139f3a81b66c47e6d8f70ce6c4afe7a9196a6ea8,passed,1.0,go,hard,ccb_swebenchpro,Implementation (bug fix),future-architect/vuls,0.5925,0.6,0.45,8267124,807,8265083,,,731.3,2317.2,266.5
ccb_swebenchpro,sourcegraph_full,instance_future-architect__vuls-4c04acbd9ea5b073efe999e33381fa9f399d6f27,passed,1.0,go,hard,ccb_swebenchpro,Implementation (bug fix),future-architect/vuls,0.6075,0.6,0.5,7185297,626,7185211,,,458.9,1550.9,222.6
ccb_swebenchpro,sourcegraph_full,instance_future-architect__vuls-d18e7a751d07260d75ce3ba0cd67c4a6aebfd967,passed,1.0,go,hard,ccb_swebenchpro,Implementation (bug fix),future-architect/vuls,0.6225,0.6,0.55,10980392,878,10980267,,,442.4,1386.1,442.8
ccb_swebenchpro,sourcegraph_full,instance_gravitational__teleport-0415e422f12454db0c22316cf3eaa5088d6b6322,passed,1.0,go,hard,ccb_swebenchpro,Implementation (bug fix),gravitational/teleport,0.5925,0.6,0.45,4746456,645,4746364,,,999.2,2129.0,507.1
ccb_swebenchpro,sourcegraph_full,instance_gravitational__teleport-3587cca7840f636489449113969a5066025dd5bf,passed,1.0,go,hard,ccb_swebenchpro,Implementation (bug fix),gravitational/teleport,0.6825,0.6,0.75,4838390,717,4838308,,,581.6,1712.9,447.7
ccb_swebenchpro,sourcegraph_full,instance_gravitational__teleport-7744f72c6eb631791434b648ba41083b5f6d2278-vce94f93ad1030e3136852817f2423c1b3ac37bc4,failed,0.0,go,hard,ccb_swebenchpro,Implementation (bug fix),gravitational/teleport,0.6225,0.6,0.55,2133152,460,2133101,,,253.1,1348.0,522.6
ccb_swebenchpro,sourcegraph_full,instance_gravitational__teleport-8302d467d160f869b77184e262adbe2fbc95d9ba-vce94f93ad1030e3136852817f2423c1b3ac37bc4,failed,0.0,go,hard,ccb_swebenchpro,Implementation (bug fix),gravitational/teleport,0.6075,0.6,0.5,2140351,187,2140305,,,260.5,1076.1,445.7
ccb_swebenchpro,sourcegraph_full,instance_navidrome__navidrome-9c3b4561652a15846993d477003e111f0df0c585,passed,1.0,go,hard,ccb_swebenchpro,Implementation (bug fix),navidrome/navidrome,0.6975,0.6,0.8,545490,130,545470,,,110.4,405.5,4.4
ccb_swebenchpro,sourcegraph_full,instance_navidrome__navidrome-d0dceae0943b8df16e579c2d9437e11760a0626a,passed,1.0,go,hard,ccb_swebenchpro,Implementation (bug fix),navidrome/navidrome,0.6675,0.6,0.7,10211841,756,10211707,,,535.4,837.7,6.2
ccb_swebenchpro,sourcegraph_full,instance_nodebb__nodebb-76c6e30282906ac664f2c9278fc90999b27b1f48-vd59a5728dfc977f44533186ace531248c2917516,passed,1.0,javascript,hard,ccb_swebenchpro,Implementation (bug fix),NodeBB/NodeBB,0.7575,0.6,1.0,1417810,183,1417776,,,116.9,260.7,4.5
ccb_swebenchpro,sourcegraph_full,instance_nodebb__nodebb-eb49a64974ca844bca061744fb3383f5d13b02ad-vnan,passed,1.0,javascript,hard,ccb_swebenchpro,Implementation (bug fix),NodeBB/NodeBB,0.6675,0.6,0.7,1759857,165,1759813,,,109.5,250.3,4.4
ccb_swebenchpro,sourcegraph_full,instance_nodebb__nodebb-f1a80d48cc45877fcbadf34c2345dd9709722c7f-v4fbcfae8b15e4ce5d132c408bca69ebb9cf146ed,passed,1.0,javascript,hard,ccb_swebenchpro,Implementation (bug fix),NodeBB/NodeBB,0.6675,0.6,0.7,2988071,240,2988016,,,164.6,294.4,4.3
ccb_swebenchpro,sourcegraph_full,instance_protonmail__webclients-369fd37de29c14c690cb3b1c09a949189734026f,errored,0.0,typescript,hard,ccb_swebenchpro,Implementation (bug fix),protonmail/webclients,0.7575,0.6,1.0,,,,,,1.0,1108.3,3.2
ccb_swebenchpro,sourcegraph_full,instance_protonmail__webclients-8be4f6cb9380fcd2e67bcb18cef931ae0d4b869c,errored,0.0,typescript,hard,ccb_swebenchpro,Implementation (bug fix),protonmail/webclients,0.7575,0.6,1.0,,,,,,0.9,1007.2,2.6
ccb_swebenchpro,sourcegraph_full,instance_qutebrowser__qutebrowser-233cb1cc48635130e5602549856a6fa4ab4c087f-v35616345bb8052ea303186706cec663146f0f184,passed,1.0,python,hard,ccb_swebenchpro,Implementation (bug fix),qutebrowser/qutebrowser,0.5625,0.6,0.35,3130176,538,3130111,,,240.3,437.1,87.9
ccb_swebenchpro,sourcegraph_full,instance_qutebrowser__qutebrowser-394bfaed6544c952c6b3463751abab3176ad4997-vafb3e8e01b31319c66c4e666b8a3b1d8ba55db24,passed,1.0,python,hard,ccb_swebenchpro,Implementation (bug fix),qutebrowser/qutebrowser,0.5475,0.6,0.3,3478063,332,3478004,,,250.6,525.3,129.5
ccb_swebenchpro,sourcegraph_full,instance_qutebrowser__qutebrowser-3fd8e12949b8feda401930574facf09dd4180bba,passed,1.0,python,hard,ccb_swebenchpro,Implementation (bug fix),qutebrowser/qutebrowser,0.5475,0.6,0.3,5291160,610,5291065,,,351.3,552.8,112.3
ccb_swebenchpro,sourcegraph_full,instance_qutebrowser__qutebrowser-e5340c449f23608803c286da0563b62f58ba25b0-v059c6fdc75567943479b23ebca7c07b5e9a7f34c,passed,1.0,python,hard,ccb_swebenchpro,Implementation (bug fix),qutebrowser/qutebrowser,0.5625,0.6,0.35,1219368,145,1219333,,,102.3,274.0,74.1
ccb_swebenchpro,sourcegraph_full,instance_tutao__tutanota-f373ac3808deefce8183dad8d16729839cc330c1-v2939aa9f4356f0dc9f523ee5ce19d09e08ab979b,passed,1.0,typescript,hard,ccb_swebenchpro,Implementation (bug fix),tutao/tutanota,0.5925,0.6,0.45,9674024,819,9673923,,,867.6,1718.4,163.1
ccb_sweperf,baseline,sweperf-001,passed,0.9977,python,medium,performance,Testing & QA,numpy/numpy,0.4575,0.5,0.3,5164131,852,5164129,,,366.4,740.3,125.4
ccb_sweperf,baseline,sweperf-002,passed,0.5,python,hard,performance,Testing & QA,scikit-learn/scikit-learn,0.4575,0.5,0.3,5138570,327,5138568,,,300.7,610.0,242.5
ccb_sweperf,baseline,sweperf-003,passed,0.274,python,medium,performance,Testing & QA,pandas-dev/pandas,0.4575,0.5,0.3,13462264,1070,13462260,,,691.0,1036.7,288.0
ccb_sweperf,sourcegraph_base,sweperf-001,passed,0.0428,python,medium,performance,Testing & QA,numpy/numpy,0.4575,0.5,0.3,5202817,525,5202815,,,361.9,487.9,1.8
ccb_sweperf,sourcegraph_base,sweperf-002,failed,0.0,python,hard,performance,Testing & QA,scikit-learn/scikit-learn,0.4575,0.5,0.3,24567920,2043,24567840,,,1358.3,1414.1,1.1
ccb_sweperf,sourcegraph_base,sweperf-003,passed,0.0526,python,medium,performance,Testing & QA,pandas-dev/pandas,0.4575,0.5,0.3,8666664,710,8666660,,,529.3,614.4,12.6
ccb_sweperf,sourcegraph_full,sweperf-001,passed,0.1222,python,medium,performance,Testing & QA,numpy/numpy,0.4575,0.5,0.3,11553628,889,11553464,,,782.6,882.8,0.7
ccb_sweperf,sourcegraph_full,sweperf-002,passed,0.3187,python,hard,performance,Testing & QA,scikit-learn/scikit-learn,0.4575,0.5,0.3,32053362,2610,32053018,,,1835.3,1879.4,0.6
ccb_sweperf,sourcegraph_full,sweperf-003,passed,0.6597,python,medium,performance,Testing & QA,pandas-dev/pandas,0.4575,0.5,0.3,13874822,1124,13874683,,,1221.7,1402.2,138.3
ccb_tac,baseline,tac-buffer-pool-manager,passed,0.3333,cpp,hard,implement,Implementation (feature),cmu-db/bustub,0.49,0.5,0.3,15098260,50019,,14849088,10.998648299999997,2055.2,2464.3,30.4
ccb_tac,baseline,tac-copilot-arena-endpoint,passed,1.0,python,medium,endpoint,Implementation (feature),lmarena/copilot-arena,0.4775,0.5,0.3,1586104,539,1586058,,,226.1,1212.3,25.9
ccb_tac,baseline,tac-dependency-change,passed,0.8,python,medium,dependency,Maintenance,All-Hands-AI/OpenHands,0.44,0.5,0.3,941505,296,941470,,,412.7,1385.4,26.8
ccb_tac,baseline,tac-find-in-codebase-1,failed,0.0,cpp,medium,find-in-codebase,Requirements & Discovery,ggerganov/llama.cpp,0.575,0.5,0.3,436287,4871,,421317,0.7327372499999999,144.1,1365.5,20.8
ccb_tac,baseline,tac-find-in-codebase-2,failed,0.0,cpp,medium,find-in-codebase,Requirements & Discovery,ggerganov/llama.cpp,0.575,0.5,0.3,808046,324,808012,,,114.0,1301.8,18.4
ccb_tac,baseline,tac-implement-hyperloglog,passed,1.0,cpp,hard,implement,Implementation (feature),cmu-db/bustub,0.49,0.5,0.3,5593230,1069,5593115,,,619.3,1404.6,21.7
ccb_tac,baseline,tac-troubleshoot-dev-setup,failed,0.0,python,medium,troubleshoot,Maintenance,lmarena/copilot-arena,0.4525,0.5,0.3,5512976,1110,5512845,,,926.0,1359.2,19.6
ccb_tac,baseline,tac-write-unit-test,passed,0.8,python,medium,unit-test,Testing & QA,All-Hands-AI/OpenHands,0.465,0.5,0.3,959529,309,959497,,,461.3,1370.5,18.2
ccb_tac,sourcegraph_base,tac-buffer-pool-manager,passed,0.75,cpp,hard,implement,Implementation (feature),cmu-db/bustub,0.49,0.5,0.3,12851083,1442,12850947,,,1735.9,1955.0,1.2
ccb_tac,sourcegraph_base,tac-copilot-arena-endpoint,passed,1.0,python,medium,endpoint,Implementation (feature),lmarena/copilot-arena,0.4775,0.5,0.3,4925493,44576,,4784768,4.932106,817.3,1358.0,0.9
ccb_tac,sourcegraph_base,tac-dependency-change,passed,0.8,python,medium,dependency,Maintenance,All-Hands-AI/OpenHands,0.44,0.5,0.3,8024223,17223,,7936633,5.183048999999998,967.2,1370.9,0.9
ccb_tac,sourcegraph_base,tac-find-in-codebase-1,failed,0.0,cpp,medium,find-in-codebase,Requirements & Discovery,ggerganov/llama.cpp,0.575,0.5,0.3,130503,9,130494,,,22.1,733.1,1.0
ccb_tac,sourcegraph_base,tac-find-in-codebase-2,failed,0.0,cpp,medium,find-in-codebase,Requirements & Discovery,ggerganov/llama.cpp,0.575,0.5,0.3,753262,245,753238,,,91.2,730.4,1.3
ccb_tac,sourcegraph_base,tac-implement-hyperloglog,passed,0.1667,cpp,hard,implement,Implementation (feature),cmu-db/bustub,0.49,0.5,0.3,8359185,598,8359069,,,797.8,1387.7,3.5
ccb_tac,sourcegraph_base,tac-troubleshoot-dev-setup,failed,0.0,python,medium,troubleshoot,Maintenance,lmarena/copilot-arena,0.4525,0.5,0.3,3370631,488,3370553,,,279.4,726.2,3.8
ccb_tac,sourcegraph_base,tac-write-unit-test,passed,0.2,python,medium,unit-test,Testing & QA,All-Hands-AI/OpenHands,0.465,0.5,0.3,3914299,605,3914229,,,396.9,724.8,3.3
ccb_tac,sourcegraph_full,tac-buffer-pool-manager,passed,0.75,cpp,hard,implement,Implementation (feature),cmu-db/bustub,0.49,0.5,0.3,13363560,1072,13363409,,,910.3,1459.3,1.2
ccb_tac,sourcegraph_full,tac-copilot-arena-endpoint,passed,1.0,python,medium,endpoint,Implementation (feature),lmarena/copilot-arena,0.4775,0.5,0.3,3153047,649,3152986,,,284.6,739.5,0.9
ccb_tac,sourcegraph_full,tac-dependency-change,passed,0.8,python,medium,dependency,Maintenance,All-Hands-AI/OpenHands,0.44,0.5,0.3,6178480,782,6173128,,,1725.7,2003.0,0.9
ccb_tac,sourcegraph_full,tac-find-in-codebase-1,failed,0.0,cpp,medium,find-in-codebase,Requirements & Discovery,ggerganov/llama.cpp,0.575,0.5,0.3,836866,228,836843,,,77.9,740.0,0.9
ccb_tac,sourcegraph_full,tac-find-in-codebase-2,failed,0.0,cpp,medium,find-in-codebase,Requirements & Discovery,ggerganov/llama.cpp,0.575,0.5,0.3,934318,245,934291,,,105.7,737.1,1.1
ccb_tac,sourcegraph_full,tac-implement-hyperloglog,passed,1.0,cpp,hard,implement,Implementation (feature),cmu-db/bustub,0.49,0.5,0.3,7032511,59198,,6927772,5.7947913500000015,1122.7,1477.6,1.0
ccb_tac,sourcegraph_full,tac-troubleshoot-dev-setup,failed,0.0,python,medium,troubleshoot,Maintenance,lmarena/copilot-arena,0.4525,0.5,0.3,2222526,325,2222472,,,199.0,733.7,0.9
ccb_tac,sourcegraph_full,tac-write-unit-test,passed,0.8,python,medium,unit-test,Testing & QA,All-Hands-AI/OpenHands,0.465,0.5,0.3,2528016,356,2527960,,,486.7,808.6,4.2
